,0,1,2,3,4,5,6,7,8,9,10,11,12,13,14,15,16,17,18,19,20,21,22,23,24,25,26,27,28,29,30,31,32,33,34,35,36,37,38,39,40,labels,Total Frame Lenght
0,-229.90020395918359,83.09884243772548,-42.4129518521229,54.07235107771843,-27.837757601521652,21.88662754948988,-30.859522609288945,6.043977949339003,-18.28265822756416,-14.82140228669833,-4.549943494634982,-13.994262279404834,-0.8317771898605704,-13.33699917413746,8.326731288722506,-14.410592003749908,-1.9641265544820947,-7.442309338261592,-0.8808312957056904,0.09203749523502007,-3.0511975108791747,8.753108995545826,-2.594702116368828,4.82365585408421,1.9337265055753987,7.795588864819586,4.209314975669043,7.170064160162385,2.0669907894263075,3.0248816352735552,10.396545097518507,5.401274594337181,5.844455178790385,3.1974412608252827,5.879968049446017,0.49887154663938854,1.6893902039900501,-0.9721314281110028,2.025609195023055,2.278362864310843,0.5977118402622617,Happy,53
1,-207.09527602528289,94.42963463202271,-35.21407498736014,61.13583199314137,-16.549568081345907,16.910596867105323,-27.49641465042973,2.5662718908122124,-11.679551523467213,-12.975832883857569,-1.9881183525854664,-12.700783385583323,0.6757484826702964,-6.1522010957314635,6.602559059898199,-9.674649984141354,-0.01390405552051998,-3.646002499989674,0.02356859553400395,-2.5490024419208344,-3.8953194325467995,4.51633193109105,-6.782951519853617,0.8285425450482833,-3.061544918869328,1.208341530486056,-1.3596076679104527,-0.6919050493379889,2.8079312819324573,4.866647499115844,6.377371828452266,6.706474056189197,9.269869712618727,5.630019467511574,6.908279941048682,2.8549738880704756,4.725031703915014,1.1259653776006273,3.3875153607809234,3.6591647802093425,1.9956119717490584,Happy,51
2,-240.21643756166574,87.3303858524158,-17.68528026263184,44.068576371004795,-9.363154890924719,19.755157046846413,-7.944634969095498,8.260100480235044,-2.1303961081740646,1.4410228427493725,5.0485296409283755,0.1561964133283059,9.143696809571273,-4.345400738364633,10.058131435770175,-4.851557066178806,1.7518239346763158,1.848180392905376,-3.845251332077605,0.2927596366323766,-1.6318185275212442,1.571924910195116,-0.5922210572531842,6.71454193267149,5.3096232206987475,7.883298170998429,7.565813805655977,7.310324279990283,5.555726914936178,1.8984086176961912,1.49677612941993,1.853080761432557,2.1945894368510395,-0.03543974380378732,1.606938864791504,-1.0708588600895237,1.650774380373023,0.5238925243554748,-0.833864671340223,-1.067234946944175,-0.4795652160660989,Happy,50
3,-256.9840084006932,111.08170497180399,-20.044098353312602,47.96727538159667,-7.5403704192102605,12.220734027677414,-14.501652938111542,6.3585043727161645,-12.523708825911806,-2.184044510592449,-1.6037641870715413,-4.09534045980719,3.5121301114155794,-6.930095132494161,10.827155435361732,-8.547108266064049,1.6344336096728949,-2.0695650831671557,-5.140037235844393,-5.532045146018343,-3.1244675575399166,0.3737572022789618,-3.2133936355654757,6.289800807749939,-0.04598435993433958,6.487150284654088,2.8843074698967492,7.8443456460057925,11.189072889853731,7.655727786838869,8.844885555243465,7.490729103750635,6.636975887660101,4.426955957267437,6.296387819256784,1.8805464928777906,6.597965100205182,4.3005652723302745,3.612847322582998,3.3435118483055355,1.0934281117127667,Happy,35
4,-270.74721769277403,101.11490037789167,-24.580979932951564,31.692751194429484,-6.472853350959126,14.567613372182208,-15.992490713574961,3.4013087375888005,-6.904475182840509,-3.417929154106488,0.3418489558420371,-6.971223826046349,0.6665693017701079,-3.6844272035361874,9.469876980385843,-12.179370840128872,-2.393611999092077,-0.8558713041079545,-8.556520413569174,-5.872613153685025,-3.6482792898403815,2.0782491597790815,-4.210131481149421,3.504587097734143,1.4949775106652823,2.6145745464607226,2.9912775704818952,4.6268565767520515,7.946552180498461,6.402751665408188,7.74032134241748,6.144123477244657,4.46485088400205,3.4901380932029373,4.706940314943624,3.8634958230285417,5.886641326755125,4.755907036942869,5.6396284672306995,4.643551683311031,2.8413712868447556,Happy,39
5,-246.20966139625563,102.83883201853075,-36.86675384885009,43.71186225114514,-17.268411486127615,13.896529330475513,-19.1884777655359,-2.2828513914656288,-16.197309053655754,-1.3151661660707974,-1.2241904095773135,-9.535643097965488,2.6232535499111553,-5.8940629486321,10.42823650636639,-11.780310829978673,-1.5640993740223312,-0.3964068669103193,0.4498867238621654,-1.3091739620225211,3.9061085157261495,11.625474419397342,6.7229500697822475,18.04458169354982,8.025457649486855,10.547391579377717,3.3668280363625094,3.06836932887861,6.222616090803613,5.734483334511206,4.5321773332423225,0.12236517597182453,3.5749830073952418,0.8514028278686021,3.8962462434347134,1.0192863263848357,1.0570884065324004,-1.2788790107060777,0.6133214266060766,-1.711777760986074,-1.8850065754123109,Happy,67
6,-263.14119571593966,88.83226709238546,-23.78065521631839,39.06638375052145,-11.960664424176198,11.227703182973624,-21.884113617352178,1.0734585150530633,-20.410853677108477,0.6779638114373965,0.5675871506294429,-12.268552675582317,1.0687205006485883,-4.133682452283506,10.844040006761686,-9.249623856770778,6.0223369062100325,3.2243617402863225,0.7497776495956576,0.40388598277749344,-0.9002841777654431,2.9792393262884107,0.9653061365713589,7.915651189915962,1.206813178929272,4.31770863888768,2.065987221467607,4.84173461541748,3.785513612411675,7.004113395586198,4.5060540305627015,3.0508176183881126,5.356193232544729,1.8192222990536069,5.52709520240765,3.16616069805672,9.35088574840539,6.082846280448832,3.7962712994638452,0.3987265365278928,-0.1832717549076138,Happy,43
7,-236.10810197924863,89.61211255484106,-28.383364449309944,62.58217592253901,-10.043448217346054,17.869139371365556,-28.02090530957737,2.087179627682909,-12.820094738624311,-8.424350750036458,-2.9081127314023423,-7.81771546594071,2.812962915606587,-5.520735565859001,7.438645109131271,-15.29336130623094,-0.29520432199377944,-2.764413238552827,-4.739906147544447,-5.1891880382684565,-0.24669786297954074,1.9705619132871963,-3.7188261066407944,6.313389259969279,-0.9468596287349892,5.603428413557373,2.386958246436338,6.749024212199451,4.852188611027431,4.447411230245651,4.403694029505316,7.094802685352319,10.922991997310048,3.769807069257011,7.404122299988823,-1.0885174939405722,2.251125763603791,1.830972569522955,3.2313914044606014,3.638495527857742,2.8031312057711597,Happy,54
8,-240.5839750711316,78.62450386270393,-32.15619833143957,54.700298855919996,-12.427023499130666,5.921065371022411,-26.449939193597167,-3.3173427271392035,-15.368157543694341,-6.5554972990677065,-3.3541028062307228,-7.859962950393264,0.9758150709748749,-2.960586061355938,10.58163621780349,-11.524318189759923,3.8916637136975627,4.142395749291703,2.8375069104386084,4.04068849063035,7.44330070551742,11.618272297379654,8.541142509977494,11.297678313415128,-0.3262649049723415,4.548122451393895,1.3050963140657914,4.332473681220885,2.0352816191546266,1.830263124294749,1.724232169936185,1.3916030371975743,4.053727035813304,-0.8038579370085981,3.533544764829653,-1.4623429402169525,0.7430853712721586,-0.9683217433725908,0.10138480035643238,1.517731026537515,2.783564419310697,Happy,55
9,-257.0699101156425,96.40067708345545,-34.045578812773016,24.765412067800227,-22.39948836456421,5.734516719949352,-16.85881171141152,-0.3408877283267869,-18.377559212501236,-5.607598078547698,-4.332126553299729,-10.920434316405522,2.6045629606157568,-3.2618887171497355,12.239927203713775,-5.603703826605535,14.579801839991221,14.556964335093237,1.9451392537007512,4.025405182726176,2.361104532455504,1.060862161494011,-0.2497485759331116,8.14639646868021,-3.6343472456227355,0.3601495445147498,-0.9234429373947038,0.523489189024183,3.7710387570647788,2.311778858551577,3.2057117659658894,2.19431974498918,5.375303316833015,2.97396637801959,6.385439103627188,2.7565392356226996,2.7673868905125474,1.208263510436081,-0.9705038723920683,-0.6355147434993746,1.415624075966452,Happy,60
10,-301.1970557417472,104.58253853945122,-35.759078486844786,32.28053305704682,-20.175766664202236,11.815639845798383,-16.725774666044533,1.526919366108181,-16.839050984322164,-4.011070138565027,-1.7425665685240983,-9.906802503430919,1.135651786357375,-8.540567375031243,7.396759827134429,-12.882769636466913,0.620454218463295,-0.2237311044692699,-1.6084148326273824,0.907759541329637,-0.3795990203239597,4.510157096232541,-1.6803439282182706,3.9750585992606173,-3.049001294427341,3.2714570074922444,0.7100833431511948,4.064570213526853,5.8202680928240165,1.8578101216585332,4.34410543686807,6.018690613882261,9.400770798795014,5.597035054248792,7.781948675934564,2.702116011405259,2.8181972135687046,0.6719852176046529,2.0041010409345223,3.5547823839418378,2.4989273495222744,Happy,78
11,-276.09216689281385,95.44647667233782,-36.9325719257662,42.205400677016435,-16.169408578329193,8.624302307514602,-23.076456354597596,-2.4001166968264775,-16.065654157477994,-5.047504709496559,-4.006463987985963,-6.060514631941389,2.9283161497604118,-12.279089171951817,11.037200231050907,-12.587538304248078,-2.6503869756783573,3.7503025936482306,1.9204044403331275,4.68077564707851,3.67077759396056,11.158999576690714,3.5043921613084312,11.622517747409145,8.189926290274279,7.273534165498202,8.13043353850063,6.700858884027977,3.518337007390527,2.6255392832682545,0.33076021965925784,-0.37361650402266755,1.8836962564368835,-1.5988269654018596,0.934553987518323,-0.5247268430455746,1.3101990156630083,-1.7892718717472988,0.06952621840859467,2.224933531832108,2.643773785799884,Happy,60
12,-236.95163005757783,92.52489510626212,-32.326378592620074,43.47727450816466,-14.98874290899242,5.005884540294464,-22.739771075167095,-0.3410197712053898,-12.538519525882888,-8.40745557304722,-4.809184630058882,-4.0851414129076105,2.0742206984017884,-6.8727475558151685,10.502227533503127,-13.54057416164889,1.8056830036784035,3.898875184977828,-3.6805712071128505,-0.26722578782707923,-0.6906561909114493,6.04794844190801,3.4272726882684346,6.757803270264482,0.13854173467409267,2.396917128545017,-0.5593020266099084,0.4374927623052209,3.2644219989635617,3.1243596051577813,4.2765540256087835,7.677945952098305,7.600829779292951,4.176691031748282,6.239535198518833,-0.9799403369543063,1.8316025499259518,0.9558492813549002,1.4106651736980245,2.334461501257582,2.423060495026894,Happy,54
13,-280.03130147734873,63.38044363940361,-93.0644759782654,41.30444391049187,-36.7024666382668,2.755821409682521,-21.98389839141246,-7.8797579276587655,-3.3882927468340776,-5.602783083732122,-3.2169122143807245,-6.556353017559202,2.6821566890453234,-7.01121332699816,4.14551599772413,0.12940084491836545,12.78634004228422,5.864743778393753,15.100578724919526,11.67447965897431,2.24537185304115,6.763435080891016,-1.311065171230239,7.680605566660994,2.3621016799945047,5.009702498977137,-1.3479398510550111,1.3813357900866248,3.6110817895201697,1.516369590886082,2.9733140407730323,-3.518951548263824,1.1393514514287497,1.4637700125777007,3.8821454480692426,0.31255143601318225,2.2011406378933978,-0.05452384867092129,-2.023063073282654,-0.6413793588289463,-1.6796764158131967,Happy,40
14,-319.0994704774385,84.8176374932071,-79.07615729872883,31.44340378423662,-35.41976112732724,10.976490309830712,-16.182105820340723,-10.420022339143076,-11.228271050026098,-11.430819880825211,-7.792215407898634,-13.483622237477322,-4.058381207420689,-11.516149426487457,-8.724329151944225,-9.651926621002621,10.423007095009114,5.690537025763333,17.571484729837685,16.990585985676603,8.764601664485776,10.400994004680014,6.115836061341426,9.20694701226099,0.13050051727355316,6.227644616096942,-2.1843054064197176,1.8406886887045353,3.0862158773849364,-2.447108117391191,1.3443085583015724,0.5813701586926839,3.434985518057415,0.9437779041561722,1.648168582631768,-1.044846908995258,3.7342323813822333,2.141499113946588,-0.5927120398855203,0.09422208871726852,1.8672631678788452,Happy,32
15,-279.59975984390314,72.2258102710473,-65.83072708855687,28.71927817180156,-30.31332400680783,6.15831106788083,-11.390894479234888,-15.70215246663779,-12.829589158116555,-3.0779970886761365,-6.873040735946651,-8.762575365609646,3.1924042337010197,-6.012604928149576,0.6917361856069595,-3.4796016589169363,12.22617673905821,7.328639231325212,15.228316744645333,14.414673059656838,4.250631066733483,9.405672070510533,-0.13903246241170586,5.8342776650916,2.2991199238293416,5.263991238065521,3.1050087973514944,1.013209293328536,1.5876403963685937,-1.6870452254919892,1.1352664942280906,-0.046524984622356755,0.8294367590203358,-0.31011829672498586,1.6705204669789335,1.0123976854715242,3.51599093002892,1.105803696390794,0.1875798631568623,1.036305812531811,-0.51829485016614,Happy,68
16,-231.65532418171,90.19340409503813,-61.40332843495836,32.430316673918846,-29.252242639689385,12.086288149638218,-22.291850066360237,-14.619374268346867,-12.224635620866321,-7.519293395615898,-8.385096300706643,-9.434679850665903,0.8103512054902038,-13.909410670557792,-3.6184895678238385,-12.363625489170163,1.3092970610995813,-3.60341363123857,4.095472790791238,6.099057705970759,-1.4518671233455875,7.957175399341744,5.565769421268964,15.005417901095143,12.015078246797534,14.73773764559511,7.706492433368767,5.54894763792526,3.345002673541908,-0.9662139289537988,2.694794688661426,0.14239032574020422,2.1244710174391344,-0.5991546741056992,-0.11648379601712595,-0.4770742436888924,2.043153087412789,-1.3416766652218446,-1.5768987368533927,-0.9898904111104022,-2.5053165956007595,Happy,72
17,-255.64758132617726,97.21746437346393,-39.86043977970476,46.928687278965526,-13.290950104249601,22.730374600393148,-21.850673814540293,1.176834032487499,-23.77663528486422,0.5063759080038683,0.24135056768920293,-12.90965135457604,9.724286049029697,-7.36351802185553,8.80672139438363,-10.964665725608882,3.1102270047794844,-6.812462379546085,-5.789838303403195,-0.1963906646174136,-4.693140050656747,6.1881924503739105,-3.0125073902665824,5.42915346642106,2.333437448704238,7.127851338319397,7.100195797466188,9.74954296567338,8.293700707638715,5.564992756508871,4.941693554217298,-0.35447839419126836,1.6983007205485956,1.5539115757356912,5.249417469363654,0.1558360951820377,0.9278070509146836,-1.4994559646240357,0.40818869714908085,1.6787515740340442,0.577944983707255,Happy,33
18,-240.38143462005132,114.01740622396359,-42.06929394031956,36.73568222424685,-13.578714990409228,22.431411483329512,-24.012876255829827,-2.668716129589565,-28.80960308001039,-2.5799310074579296,2.143020649919732,-16.056903126980057,8.932082462685687,-5.646395124238644,8.587126408301904,-11.819619476300327,1.1188988337739612,-6.377522079277581,-8.922230232563209,-1.466600567436285,-5.858642787093198,1.3495262974143551,-9.316991173260433,0.04222411094816601,-5.093554065771128,-4.418218477493189,-0.5647125325964238,4.414851364558913,5.833888208103951,8.541280007164861,11.617765005382214,7.740650408730331,9.80032834378313,6.407465800777796,10.506281615179061,4.853508392842632,4.2699799333820305,4.279475488362112,1.6896125689326642,2.030459730032011,0.8832071657461388,Happy,34
19,-224.06687495928827,106.77814053265281,-34.06775405360897,51.23821095743336,0.5013393277507985,21.048492432110105,-21.936473738887152,1.3749135582872727,-27.215462194610428,-7.028590996754861,0.974896435053409,-17.771952128777546,5.1867664779375415,-6.859631851965137,6.420466018777124,-7.619800022701048,1.037196796218288,-3.5143384312381363,-1.935056321157719,0.2640698328801713,-2.7719076670883833,6.6262402137815375,-4.472635319300643,-0.8836697358490359,-3.674447079249869,-1.6155475931014092,-5.137362321839272,-2.459117879517893,-0.953735541934641,-0.7845422900276872,2.3947777245451913,2.762920963545238,6.186240675398829,1.6766771709884336,3.01027362865777,-1.3420592207822908,-0.2955601068791969,-0.5659428241336573,0.9036453760506591,1.273329185829682,-1.1122738926066122,Happy,53
20,-233.58814644114298,121.67282385629437,-41.012300122208764,38.33270337091182,-8.456580970910872,17.020053167476586,-16.835714492865616,7.511875545285286,-30.777363630713534,-13.225792434241065,7.967353945572325,-14.024638420523758,1.2500746824037674,-6.098098782386111,6.78139716711408,-3.9578779284817087,2.600080286281074,-4.197037355526865,-0.09271916765556228,0.6924225109050234,-2.665103938464707,4.667239562789151,-3.9439431778329728,0.25123145678135833,-3.163070926814139,0.3323926830996354,-5.0627557983080385,0.1241285918185505,0.5486609327590718,0.48662280681681186,7.985933840716025,7.472412148736861,8.771680173170033,3.1062677499411024,5.212553294043919,1.7487817951489928,4.787929637003964,4.550612302535892,2.68070760138184,2.415682852687014,1.4612490741712374,Happy,48
21,-278.1135101574926,111.11654002916114,-40.610753450585335,35.67783294714952,-21.209256337797946,16.367146188709057,-20.949537413712527,9.188045218742571,-14.082981035231787,-8.135509798575718,2.657087503258875,-12.05046715426262,0.02727567891162699,-12.453939799068571,4.112552416535491,-3.2050432039746326,-0.566998392779966,-7.191396469486351,0.4394686736782494,-4.307514729792625,-5.49974443915552,3.028696933369124,-5.916283608011706,2.949936931003868,1.71037671375819,7.982775360851342,5.588758137697728,8.561248987611453,6.391813658629369,3.916081683431422,3.5607703971897036,0.842495432096621,4.872810535736856,1.6361755390504709,4.530993454087331,2.1451302998957518,3.4828405191565364,1.3732517011539518,2.087083142425303,1.822711662189103,-0.11920451662927377,Happy,39
22,-294.0928794067822,107.58747848785123,-35.70597549520028,25.386080603398923,-5.9521673909180475,6.88389552441539,-16.731643387433756,-0.5230760548206459,-9.625563068986349,-5.860589724154447,3.440789277595497,-8.344931326855168,-0.09608996838436154,-8.43242469173077,-0.28883087730811724,-0.6234445302151747,-4.314499825902025,-5.906864479516435,1.2095585002273272,-5.079847695054584,-7.11371279789671,0.9520224173470474,-5.503514992071916,-2.443171714314491,-0.04172396478184682,1.293983417535877,-1.6996933385003297,0.13839091131071707,-2.486664686502515,-1.7981746525207192,0.09648705335743808,-2.072503065530451,1.8123329144923632,-0.4797954522244664,1.0951614129255358,2.0421877025459527,4.023666946382963,3.735349598429106,3.2374956611878827,3.568279900065273,3.372082899063734,Happy,41
23,-264.6879365576667,98.6796122979876,-29.33133956712914,36.1130460887873,-15.968312568451871,6.233167759894621,-18.44829037711139,5.566364900915281,-9.535287167544675,-4.812430005070215,1.2330505868453407,-13.096477971734782,-1.3105825858142481,-8.896712440081465,4.971376254469005,-4.142505323926863,-0.6888807571349013,-2.63766800304172,0.41796255406972826,-2.0170931986914,-6.596374967693797,2.1328959748952796,-5.5861124407359215,0.26652961669199393,0.024008233377310086,-0.29867386295493314,-0.7037942448850711,3.2456956661631917,1.5044620144727217,0.2909764735662619,2.983151618316412,1.8211843385046806,5.480354520080841,3.1016018953535816,5.807274997604839,3.491521347502601,4.244079994484697,3.859675524926135,1.9858806715639774,3.596644101854594,1.7657613523359577,Happy,77
24,-264.9813387015053,103.36114097260229,-40.858016803831156,32.10937271896911,-22.545305596641164,4.712337921262242,-24.09166294889639,6.383622356012314,-14.547227766889133,-6.8651536956591945,2.270882011009877,-16.43083590591272,1.213939678003262,-9.709252231936782,4.230620742799588,-4.058549698002379,-1.810154723777001,-3.9741784396343474,-1.6029791138917788,-4.015050440115674,-7.543342702006242,2.931611764197537,-3.2354686926893925,4.311945770782612,5.040347816726898,5.666912154411436,6.047453363433298,9.842170902011224,5.554169204366082,6.275735138869586,7.49514090108368,3.115469160279125,6.7846871406436495,1.1640933294531912,5.058173232266848,2.625059445795704,2.0391941606239365,2.42886132024066,0.9743957875510051,3.112609269404537,-0.17454046094160258,Happy,85
25,-268.07560374036376,102.45018949956011,-33.63279221059305,50.67831076218444,-12.231202606571802,16.050688125605156,-20.944446038121622,8.189407310937995,-4.040916543781086,-4.218876769615045,-5.5578177123783785,-12.669239331584325,-0.061482161580660825,-12.256094533213437,6.004951329537259,-6.413786675187567,-0.42891242510476096,-3.059981161220417,2.3086077249266204,-4.098777427792457,-3.8601702222973038,6.474436890489362,-5.291951256576217,2.866166434816734,-3.210388178251223,0.922047965893051,0.8485856534826551,-0.14774421498961218,-1.710764375252952,-1.0509439007540207,0.10332032885484159,-0.6865572902750631,1.388076491819597,-2.7021614104643548,4.489946080699089,1.171485393804668,2.10011859945303,2.7591306324605576,3.295861086811206,2.6254186384537523,0.9826661551398467,Happy,56
26,-214.9005547308592,121.61106834764507,-40.5735724216868,36.98273724888751,-21.520662372420745,14.66437450194507,-16.363518687959115,12.74084248147237,-10.770160934424505,-2.957231278380461,-0.6615941787675927,-13.619903664253831,-0.45367588400132147,-11.629521967360231,6.256652545934845,-6.250575908128576,1.059449515443875,-4.290023076666804,0.6913768924060201,-4.366340435470302,-4.403401757434802,1.360084028124346,-8.90763182226685,1.6796554480008925,-4.8452482695874135,-0.2763140373323834,-1.8279578933276075,0.7071592350457436,-2.2197962675774043,-1.7045619239570455,0.4238037570805847,-1.9403449264590227,2.551014437795022,-2.526723933712599,2.347000604270029,-0.7661988747871459,1.061523404784552,1.576461602854586,3.283618597353939,4.94921181526786,2.960381024102136,Happy,68
27,-254.45649549838774,120.89802271989363,-29.449529347626545,30.45827123871595,-11.9199294342739,9.944572564958886,-7.170700342136229,4.25108920818814,-11.989942631564249,-3.9294635841875802,0.9365417904733543,-9.796308113732257,-2.8199306903863266,-9.13549700354054,3.9720958683691503,-5.358822855278908,-0.17655413992043512,-4.231521130752097,-1.5928727983289221,-3.6242310465052276,-5.476227363948181,0.9688147954430004,-7.698474730994455,1.3469828213871524,-3.6222429712088884,-1.9337388444146477,0.9240998417308479,-0.15851206153674613,-0.5304319064387502,-0.31539254745553263,2.2009713022347106,0.3227914564729368,2.3408668239921173,0.7207765896616728,2.9365818318688732,1.9967433527873464,3.726695538092027,2.940825196701916,2.4491358050503016,2.8252884068539257,0.7527521176140074,Happy,83
28,-283.3140049298524,117.648820406146,-28.52222832407685,46.612816567494306,0.7287774495729911,8.326539545085142,-12.159257402132841,8.607176493622697,-12.821106141742533,-8.290247518807663,1.9411179242559653,-11.533227741398646,1.0630308874579009,-9.29088922198474,3.4498685533985802,-1.2700382041289837,-2.953604269265609,-2.72607189661203,-0.571114960610873,-3.548486433671532,-4.419114144054272,0.46333803491546083,-6.80995324340857,-0.39294093559316956,-3.118030277307034,-2.3053890915120956,-3.1452427091942154,-3.7860372931592448,-3.9941843194482574,-4.499446721324653,-3.025861875613946,-2.9585187888441924,-1.158249739038023,-4.028860876120952,0.5902706281971195,0.03333266548222399,2.1151633265836605,3.911574954602892,3.514558773179705,4.466200350587265,2.1473343768431166,Happy,66
29,-291.97501743323886,120.41474423288544,-49.81185862010431,41.95256247997584,-14.880246497471637,-6.158379594875364,-6.995451988580632,2.737802595816861,-27.68712288201401,-1.825342445242369,6.923394611193181,-14.248082458767623,2.355264600399032,-6.071592641669567,3.927349787277978,-8.90137395395899,-3.329278100414198,-2.321717493773948,-5.000347302972742,-1.018383076058299,-4.024198714849469,0.7049715183036608,-3.276245537353187,-2.62148626430794,-3.318960213642315,-1.6927668475083033,-4.949449821273876,-1.4224989213588428,-3.13384854705543,-4.565597492284327,-1.2586377808598646,-2.0315179162038675,-1.4491217693109393,-2.678136469300083,0.6637690114061178,-3.76804837715545,-2.363329675806605,-1.6490722941483398,-2.116068531991572,-1.753437762474597,-1.7882435222385837,Happy,41
30,-265.37035889853854,121.74221930825976,-29.265188290255683,40.7989041484285,-12.966183214640058,0.2518352503510347,-8.596528122917555,5.142208690234757,-26.19427114773854,-6.026838796862629,9.459855739948493,-11.628011450698306,5.339088548084055,-7.4055512902743,4.186787119931259,-2.502441612593851,-2.868624261059709,0.5599344773896998,-4.5278002639265384,-1.5431328653849765,0.39676069993551716,0.7791933435755263,-4.347047109787712,-0.3816745351885722,-1.3812502296204547,0.8854770956749155,-3.388204535252632,0.182378668381791,0.40234812105263534,-4.35165467162404,0.32375040054466486,-0.7861014291431458,-1.2913984503790439,-1.8663982072055205,-0.2727433829742407,-3.148873939559934,-0.6829631648141242,0.026547580542141444,-0.03853500510846394,2.0298447207230073,1.4024534873947323,Happy,72
31,-271.47473487358485,79.50523377207963,-57.14242144752695,22.04806576538047,-26.02728856785191,9.80520737581785,-26.936028362428647,3.193710722811304,-20.692944538777894,-8.268326707859991,2.9556869128179932,-7.803050347541742,0.23750900087788998,-7.298693584229259,9.68378188421747,-5.997056001866808,12.636487510458757,6.924615656580426,8.94364767134917,11.481368879873502,7.976422864175388,6.361586761605817,0.040019397666634794,8.85800821677222,-4.919458682307939,2.3733078865533965,-0.39230220794980725,2.239763313604914,3.6554186121484227,0.6559360122984765,2.998149681696172,2.8098895663426076,6.574725901191119,2.8632473347760286,3.3284448847736106,-0.42195825735108305,4.824328541689457,0.5049969087957304,1.1090643686273702,2.3948599332246108,0.08316635207373768,Happy,41
32,-263.7776061637078,87.08737031479822,-45.551073785546116,35.95460941004252,-19.478881726188202,11.890799490330807,-24.168210022272255,3.815925359004141,-24.41275374396618,-6.702250525944676,1.9094076695299804,-7.8005652968723185,4.122353495906411,-10.544181510135205,9.452361472678895,-11.024824743046123,6.03285098471023,7.983774208649906,8.651859163455184,13.016159101693152,6.968219022494078,5.939841353257512,-0.33956991506768563,6.656655143516533,0.5497384747364644,5.0523856039769175,-2.2837845836106796,0.2408176672293403,0.8686130291045174,0.8450915855903267,1.6076610469298045,-0.199032781414148,2.399472471124617,-1.590150254467234,3.280034266284838,-0.06263217829584569,5.049265603125441,1.411851772585483,0.07123575635439404,1.0010132143170127,-0.28642478357469137,Happy,45
33,-263.755110278705,88.53094614381557,-39.736240244531785,18.81675011344345,-20.092808690870015,6.30431308826796,-20.67324207245689,-0.5742753601085497,-20.909727439773864,-5.973596206905453,2.4238073039848342,-6.6698103587591575,-2.4565573287275173,-5.368504760900579,9.10619338500516,-10.791747260809736,6.200939611653576,2.1715967833515424,-0.9900380124916602,4.535010531747899,4.601404444570585,7.66757341325165,13.395151733516956,18.53645700211818,5.695922099488137,10.359118567460134,-0.8150199943781481,1.6279485114381496,2.804167950840654,2.9603241987557816,2.0006261903301943,-5.0001835011657585,2.4652075251128913,1.17805713983991,2.1815166635160335,-2.845697147379593,0.6638270634750466,-0.52925725314897,-2.5635740609406352,-1.7515663405950836,-2.4903097048413367,Happy,39
34,-281.7279011374366,78.2740156513378,-32.55906290999977,40.96599260577115,-24.83942023727159,10.252379336627403,-24.743405277935416,5.624524217948664,-23.237652479911954,-9.924688367453298,-1.6369490907021025,-9.947051763773688,-5.334694140440124,-8.821666181029906,8.200279244456077,-16.06440496956974,9.049325538277587,0.007807255530593088,4.019771906627199,12.599456036875283,7.952525399541003,10.820279368380941,8.520392396063679,13.370528693375372,-0.8465171868381219,3.2133028266108696,-1.4198885773370413,1.410847480814718,0.037336600581779934,-0.35935433431032493,-3.074843497230087,-2.070809094765087,3.0550351842101464,-1.2391912098532003,0.9543828231353647,-2.909289682792651,4.1719372323531765,-2.5208232523863576,-0.25373576455595864,2.868221363909334,2.983955615240809,Happy,44
35,-220.98996424398757,76.37992187010737,-25.799140811837617,40.68972235427891,-15.88598771678959,9.54203241457164,-25.94385921820462,2.492756830304602,-15.92816109956234,-14.43452885465639,-3.4019847512708417,-7.210181361064193,0.22498621037339664,-6.195468818636476,11.628178966887337,-4.5945194589950225,7.6638599982756554,4.241443073258902,1.4301328620285694,4.416897923749107,2.4748664282162185,2.7356504563251365,-0.17485961160444066,6.002598966901824,-0.252443824322398,5.8281583122202605,-2.654826249705119,0.7146611253564321,3.8403809301105194,0.03299759424527336,1.2678565302973481,1.2873921426504675,5.730351785333565,3.2224801069092974,4.842770943837511,1.8588938930720813,5.421989706326737,2.5630631055839306,2.6409822140676193,4.622598316770767,2.2362278880870936,Happy,57
36,-271.1622905820145,101.1706555127403,-20.554892998792194,31.34276082243308,-16.36747458353948,12.629643794210955,-15.215855911409683,1.9551488594785793,-16.74172700617587,-5.146305551104589,0.8948280693950702,-7.258350977661186,-3.5763326113235347,-3.8585899209412347,10.48830207128157,-11.224896787261386,3.6621778017620645,-2.279586555597881,1.5110968405340275,2.6931310617485944,-2.9179528168299784,-0.4846261903875362,-4.764596713298748,5.913830505741998,-3.606046885738033,1.0315572449639725,-2.338417723098503,-1.6909075472881765,0.40871330686455715,0.5878435452028599,3.43825450324332,2.5998007488525046,7.673353178965017,5.352296858974621,7.306706982685721,2.908265033872674,4.545701837107012,2.890307750404844,2.3788973099270794,2.9763250100300027,1.2073123388140727,Happy,75
37,-256.5827350304014,100.80018310317013,-44.012891020906444,28.61659242531593,-30.104316355223904,17.582692175393476,-21.376690182016645,-0.3042282738915892,-18.581201087559908,-0.59341571794649,-4.249211723526124,-12.860635638844773,2.1382610139498595,-9.514891929512201,6.749031357125482,-12.463635096584559,10.709099724909107,2.1275952748497273,4.029573652665809,12.929821226575344,5.709232114114521,10.32576769035091,7.5683399104652445,6.760660259672578,-3.828431386323924,3.252849270392662,-3.5042266536692077,2.298432251255605,1.5488754509047975,0.2135840322185949,2.4121056969167025,1.7909473687919488,4.295400464554074,-1.8957957568530308,3.022072913917721,0.4389656301422268,2.071195360745621,-1.7607055972969081,1.7180704245190714,2.3235953755620082,1.2625071155705554,Happy,85
38,-245.70489384028463,99.9203742543866,-39.229136991005696,43.64074303938127,-16.054373988890788,4.368489396950162,-21.656301461618714,2.1517242943690853,-21.424970562509618,-7.45555203514937,-0.996693176188818,-8.998753133333214,0.5262154695483735,-7.2260474327590885,9.776581739382108,-7.543737459655016,7.303849203392551,-0.09596347749948068,-2.805714215342826,1.201867292292657,1.3427614355724307,4.881553812416193,0.6862047919831471,8.79014798088101,0.11889088541517297,6.177356402041749,4.635367625768289,5.751995780797077,4.335606519468725,3.1638162741624414,3.4520759105359238,3.4087163629938955,8.095739669267541,3.446415139277236,4.165343414190197,-0.7067702829391693,1.4838905169253804,-1.6487741783102285,0.45770315696417724,1.7866064690012704,-1.4975261024029314,Happy,62
39,-224.4872429728072,114.64606240632887,-27.163973747059757,49.05415654150395,-14.56895228626349,10.262970731788991,-19.503940143206403,6.341665391929806,-19.96014332257069,-6.938193183125066,-1.0525726375527344,-6.69624203720275,1.4144268254682268,-7.425610533581408,9.222622455677156,-13.952345746821832,5.098735854110106,-3.909316128554977,-7.468310154515237,-0.1955573126291109,-2.376442998518353,3.361160599016043,2.205931759952405,9.501689678228752,4.9973942286927935,10.247469193354009,3.3438490581874825,6.03269857515649,4.175096753499684,4.141342300873414,0.8341487347182462,-0.7822982929618864,6.857543328970847,2.0383162565274513,5.567328986765278,-0.31568346027479594,2.4932087096678632,0.36447369147321956,0.9063474108342795,0.9877360084737365,-1.407251149740631,Happy,64
40,-253.91671610642882,104.02426630864373,-36.969341201112414,43.625608103129146,-27.599650639031218,11.305971078287179,-21.067361482240837,3.940279681760344,-25.26063680211041,-6.381250614038859,-6.98662152942326,-9.267561838850794,-3.7542067147607874,-12.121385180902118,9.665972044437884,-20.268271809969598,7.715550785007765,1.9727832410518304,6.718051236240015,17.206515185932098,13.016754712251034,9.740224976618059,4.502515692138351,6.19516895803385,-7.0038690073381575,6.721060955445454,-4.42655384034527,-0.7373158637701672,-0.12297034324501882,-2.5306093616242884,-0.4904898346288042,-1.8343640491124644,0.937672592131239,-3.29735527840443,1.0392237109912288,-0.4184402602219127,6.330540354421961,1.3628427129955063,5.7111878906446245,6.54774319048592,5.061888156121562,Happy,47
41,-251.96786578992126,93.60935640057552,-52.0690624992737,46.09754872082801,-29.07439696874126,8.880395196388953,-18.098309958126045,-4.708318998087891,-12.724970926936729,-12.88651819414563,-1.5848829512732134,-8.281953761670747,-5.541591206604813,-4.851379034083326,4.272168641249908,-10.851060706275906,0.7032459397100483,-5.8038083505327025,0.21094748169247945,4.321742819840383,10.266337286213197,11.087248114545813,5.201205840583353,13.244264501158904,-0.6447174986229198,6.289613787316939,1.976206800542179,0.49940482636449396,4.6877406728074025,4.731200784561304,3.415772383406291,-3.6344811092440943,-2.062176151042115,-0.5517477564785718,2.178826250618754,-0.8512749709642239,-0.18638443796339427,-1.637172729718563,1.1395861040842818,1.2240821980907286,-0.09644440495463626,Happy,37
42,-264.1593304086033,84.86602543559708,-51.47695545684136,46.48396267440986,-40.785797122938696,12.707357401637976,-22.178392760253686,-4.4476538976935664,-10.904819993128982,-11.968573305810674,-1.4496801728318167,-13.131723968848181,-0.9702064484010675,-4.88903643943957,1.6059428985640258,-9.801932856218812,2.355625483090608,-2.242706749879346,0.5031160690623413,3.542151869254948,7.843908981285183,9.196831393893497,8.44533585215997,15.598519578391334,3.6964622353002654,10.915635486723614,3.498385535772207,2.053462000001123,2.7039279770168654,1.8884298055201387,-0.6133220716699601,-1.9861424040296027,3.161921367214738,-0.5340046857794497,1.7419437264711821,-2.2958479719039993,1.797576249152062,-0.648537709937424,-0.9438961718064608,-0.3717537397276535,0.007727090937082013,Happy,70
43,-278.40941823107744,85.46151849119883,-51.91806833900922,48.40840857182605,-38.283693442491696,14.087705235150782,-19.96888971241295,-8.753718801491068,-9.451509127748844,-11.156506660413259,-5.2258745420977935,-5.769910420835027,-4.879156431694876,-1.7690537804734365,5.004300906999834,-14.965827030814081,4.986005702958593,-7.429675960978951,-1.837557326082607,-1.873460977071237,3.3111343593571325,7.186085437537269,2.591530014431436,13.982846311960733,-0.1940026719397753,7.657289006384965,1.6924590066329868,3.793965293415265,6.882231621502531,6.2656868899003415,5.709579573653186,2.3158057980579208,3.236450875377734,-1.556897702738702,1.356380715465079,-1.3498172580935277,3.4721161803098655,1.025479008597139,2.149619805748508,-0.40403630739648705,-2.1785987993894325,Happy,68
44,-307.8536741215682,96.16765609917336,-24.821421010828093,40.66626655770035,-28.10341859983519,13.19222845950652,-17.8205951799867,-1.8579219452285802,-15.480042075360318,-3.8253167213657,-3.6704724190025506,-11.905923679346456,-5.910290062601911,-3.345258660036434,8.291507045803591,-3.3879261476733165,11.829724007387204,-2.201554383993069,11.720909550147665,3.9021470699258844,-2.2252253203557446,-1.5522309195701003,-5.319955061708575,6.112224575375499,-4.774743802604692,5.686418671114174,-2.0831744319870436,0.8065478661434125,3.3096834608923933,2.398540987966453,1.3934739809615533,-0.27724214296170396,2.01993808869941,-0.18345043812119974,4.4777496479983325,0.23417086883428134,5.515444370228565,3.304420254641958,5.984624930564465,2.4180636192639846,-0.6080676337190849,Happy,45
45,-295.6298432992557,82.1431010122685,-33.400269082527785,52.98511241011886,-19.68104846409355,13.179165816046659,-23.038534004108065,-4.419591695616754,-9.512528711961457,-15.452726421551612,-6.46891144073673,-6.844025137268019,-4.0507843146484666,-1.6647604554717235,6.17302696837126,-11.687447485573033,2.0711615317047696,-4.204230170679534,-5.1210264512835275,-4.609271014011793,5.664421958503354,1.2158649993495134,0.6306622172008636,13.902473354739197,0.05182226332387431,9.135153400164203,1.4989891509783355,1.1719376068538536,2.2119382200910542,3.900394980863934,7.109906605849191,3.3791006660404705,5.617178025622114,4.290048119698652,4.176031351204928,-0.9788139827815145,4.669889375703867,1.0321177058364213,2.422903900541272,3.983182052030348,1.614459487686322,Happy,56
46,-296.08356855916753,75.86868698541801,-46.704534448197975,49.04430082693474,-21.672235140691072,5.689369239471702,-25.70438863152092,-7.698235988737073,-10.837836350153902,-12.134107532601513,-11.968642588431242,-9.512206923973899,-4.056606080721442,-2.7545773909056415,9.076351242590118,-4.488527510160366,15.900511545825587,2.7333309076312147,0.256577517831981,0.6609763950919361,3.1319014986948726,3.008290313041316,3.3449271091160084,12.94711852652637,1.5318096052650274,8.871595643099356,-0.5040521748485557,2.1762253860385194,0.7611769519910804,3.186957859588814,5.56188191559658,-0.09569897879599636,4.191595007456203,0.1701588527417446,4.138709575327175,-0.41096707192455534,2.183521954416029,0.00947306742215168,-1.3192846571386019,-1.3326532150963055,-1.0189931580730667,Happy,55
47,-257.0678898739566,91.34307689297212,-53.318404682137896,34.793319653205835,-35.65353020649308,15.940611484412118,-20.464985003666857,-2.8824560793275946,-18.056501569800893,-7.548994617771019,-3.9023437628687425,-11.560844750485948,0.9452347941924065,-3.4879731642990075,8.284335141159621,-8.890638368955575,9.058505724132294,1.4501884586432048,5.975072546275721,5.215517782631399,2.528389121289052,2.439594829282148,-0.35290279663699725,7.995379693462662,-2.84019931781546,8.125147082927732,-0.15361068466322697,1.3893968498685225,0.92851881442483,-0.08186177423646437,3.3855220945751805,2.007760741627233,5.528058943360409,0.3292311392721722,0.8863876422331181,-1.0480173579136038,3.3457941443412205,0.052953902988587355,2.0504500744566676,-0.36894736601922706,-0.05848077489407769,Happy,62
48,-283.95511376384354,83.56358698081597,-44.57742106314203,43.7351816877918,-19.474084627748567,3.249019113001806,-19.499848298623135,-10.5134872824409,-11.781156848227312,-18.49322294593788,-0.23464250759025604,-7.772956826490743,-4.943272750874196,2.881521609604676,3.8660268902390196,-6.652753068850181,-0.430339084223098,-5.781825406358756,-5.213366219479524,-3.7826229213598994,-1.4025999068334445,-3.4906088692593134,-2.7305990117240366,4.164197393481761,-3.431682672186812,4.774933674631116,3.7864724742769402,5.463048435146086,5.668057026420312,6.750519271912924,9.195714891147992,5.185807264959793,6.809135047689227,2.192774264011447,2.624017092537055,2.2857640978992064,4.006270456507933,2.741257966666186,2.844125199430203,2.0007502153646466,1.8199082898707484,Happy,55
49,-268.8612031979585,95.56531905740627,-58.558124808160336,36.29822769633904,-26.63766018477017,15.046062382639073,-15.568450989087138,-3.445493155709231,-18.145209853138926,-4.527613273466591,0.7529323330197126,-3.997812190044031,1.3603014470467245,-12.590652852400302,15.155184985520195,-9.174761413075956,-1.312731160774662,2.0088012521592113,-3.0397677515226316,-1.9941578681702776,-3.470059315080126,3.2335438795149924,-5.941953106188309,0.01019595003684716,-1.5251548976142968,1.7786820791023201,0.28725388869400803,1.3403123128417915,-1.500677539321034,-2.5095429969910006,0.25284099451672454,-0.25379549654152167,3.978720755279653,2.4489323961798477,5.246387562886017,2.4740127134774568,4.3199226770039685,3.297291206689673,3.615831423970642,2.0523935835240934,-0.16845706055200635,Happy,36
50,-235.38919475505313,102.16131995586561,-55.747093927845086,48.205411684883316,-23.93322703646163,25.479075379782724,-24.31303650330313,8.798380896143465,-12.688026870925858,-6.916515424123779,2.227835683700843,-7.230973044895416,-2.4042381137923283,-13.42310500601231,14.923737557333137,-14.678554975941362,-0.9808843213142767,-3.7792890693058254,-1.0309601931419605,-0.20092936716592905,-5.986125942818758,7.949447206101692,-0.850973975664223,8.909478261142581,2.7597575923607303,3.918355603779871,2.822221237164349,4.800839039458389,2.6527051711748677,0.21993515476705375,2.011608710705061,-0.6148402269263941,1.4588089826402555,-1.3915597986092771,1.1979656245680066,0.4380514128917662,2.673780871220504,-0.730962451637888,-0.6654584136879792,-3.3940936769517034,0.4410202961644474,Happy,39
51,-248.12163548287177,89.86175817463565,-42.54322595509459,51.72098684266782,-22.35667055889443,19.024769955485752,-23.430925894292276,1.1446547976741148,-21.15037223792103,-6.9447261214650595,-1.2721992148908896,-12.683666686174002,0.9847900345110995,-15.56525753000447,14.125726761572999,-9.33487881620841,-3.9089363076287227,-0.22415720638321524,-0.6860880950072596,-0.20950534331085408,-2.9613712765340785,8.059061608454297,-1.5680526939608515,4.567799239373101,0.8714428362933629,3.422718632255064,4.287330538073654,7.701949638480077,5.413468409291655,2.6617817570707136,6.81094331011871,3.3302149587108385,2.5670168123921737,1.1334274264217008,2.0679553105351065,-1.1044973701594465,2.385567716143665,1.0406480612482225,1.8675710632842684,1.0629733072356249,0.3000707708033838,Happy,59
52,-251.71875801400228,67.02211398429354,-47.08586819671652,43.77416054393686,-19.197996265362384,15.750648601492918,-27.16411772641551,2.107918200726709,-18.654342755535065,-12.292088581420478,0.3546420045795838,-9.900265757371375,-0.2776727969967018,-13.112478676370534,11.834286192331719,-11.032723390452173,-7.890398809690896,-1.8353818937995754,-4.2854139982010135,-6.002719136160264,-4.788564899940784,4.42131595508317,0.7172572767236532,11.935278573592855,9.453483794766486,12.354083899911119,7.4764381381755,5.259590458221207,5.406314374502703,2.737609468506211,2.220081865554333,-0.6228921665810125,0.1726833097514934,-0.8321597468507712,2.917011343612198,-1.289837686700442,-1.4683082843462463,0.7574682842335063,1.5565037128386159,0.9839782520001126,-0.18217986053556673,Happy,43
53,-272.8200365658082,95.80540163020927,-38.96104887204036,51.92697355068896,-16.88921417434801,23.662428448626745,-24.779124408595944,9.924783536533457,-19.85597047745685,-12.89283995269918,0.2738676764185645,-9.733813761760128,-0.524389379573378,-12.13310437733485,12.009173508917396,-12.222923960119639,0.7028238594772983,-2.4551184304706513,1.5979878883918526,-0.9893791666412989,-5.200319216572855,6.20125943072059,-8.037315994020892,5.624506072743284,1.5208590718846282,4.701770434368134,6.765063385818162,3.0778510613836523,-0.022440289928666073,0.35737226965119817,1.4266816449364543,-0.5784066648469277,1.9679875146659196,-1.240002752313428,2.8157798361842974,2.038399591081252,3.6789355362181446,0.7339892336057994,-0.22343153138669994,-0.881239202744018,0.09074801319466051,Happy,42
54,-275.40071378701987,99.67900265377507,-51.904987116294215,59.850557638574784,-14.355027343552736,17.215761824123966,-23.915289698605516,1.3506309759212105,-16.533958981264295,-8.512499077868918,-3.8794239749960546,-8.727120733510066,1.071480172928782,-12.372929184245768,14.640537374557343,-12.137266852202803,-3.7734364192215675,-1.1370363111347952,-1.3184771206779387,-2.752040906506754,-4.7852880230450525,1.6845144779639571,-7.538255670519288,4.2518752391205235,-0.7315208698321952,4.453814407819515,3.7966240356802867,5.1133133129305275,1.9546814833227728,-0.9713443391406605,0.2182953549794321,-3.253429733971965,2.1763936362909058,-0.6055644526838476,4.4266201046434706,3.3752793341613074,4.384554179044056,2.061720658164062,0.43884801058590245,-0.13277825566469317,-1.2454163313099487,Happy,53
55,-251.96972215291228,68.9999063279721,-75.77109245278189,48.27624860757715,-36.392683624298506,13.866720777561367,-20.459981147305395,0.4714209596093347,-13.065632986876645,-7.981803914975479,-3.9249336921253724,-5.67637535444153,3.2546907712145052,-8.798654089543701,13.799704081923139,-7.323087672236018,9.748056836739114,11.657259929937906,10.42480619055751,10.829721372362442,6.823048632119803,1.002542831077112,-3.4511302154677836,8.01138321454879,-1.327259801370082,3.97921600273177,-3.503586854571808,0.0927521418845548,2.1150073041057373,1.3219504381607354,-0.27440427681431745,-0.7398083405418635,5.410288045311289,2.8395751660005764,6.836995419306864,2.6565568135642867,5.92408857739099,0.9396830335016296,1.612710684552129,2.693161161236041,0.17139662034259315,Happy,46
56,-291.5593909088637,47.868462835471036,-82.64828942609687,33.6814403137599,-38.14961924859484,3.008258630254183,-20.774584466815877,-2.494433637511986,-9.986203961566957,-13.940591497991816,-8.427830947176801,-10.47783502317858,-6.505230486820378,-11.609443794803612,6.7385613663326,-13.721998531208222,8.05921643743459,13.08942036466476,9.83965996363449,16.949055168425893,7.883466214612072,2.634407539760768,0.7584449026332852,3.7542905622819065,-2.597358149760057,5.885026237377344,-0.49228143564439536,1.2486682698783154,0.4335031646156987,-2.47603212706212,2.706671661121683,1.0566503379283114,3.9378053240697386,-0.2148650305009119,1.4301572144709562,2.0867792973878063,2.1492993348764804,-1.7459805351393163,1.7515808863887836,5.157390296157791,3.0281919524968965,Happy,45
57,-267.0791548969469,51.44225386572947,-71.55989710022924,49.84064433396505,-37.13341986989267,0.2198829799163657,-24.247929797966126,-3.618378846332398,-10.622966034438027,-14.822404429332265,-8.254797303998004,-10.440148456211265,0.07070603766916313,-5.1579283353904755,6.046146541162725,-10.12331818773519,6.0567190870678775,1.5681968849471986,0.5964811343733069,10.965788470722737,11.036303268128552,8.32681943285557,6.253034918403879,10.809706572487288,1.850716445808907,8.951819603156295,2.8334308650835593,2.818004952222057,2.8198852068857567,2.9872735266188815,1.5784868619305208,-2.4369270101531217,1.2406166756626025,-0.7726838612669932,2.7045629209105906,-1.863936947703047,0.5479108856316559,-0.3295176037918461,0.2470202915022309,0.4811667440531537,-0.9951162623825507,Happy,78
58,-273.9572590770113,43.599413537041514,-69.30784588239898,45.62077296242704,-30.450272983032594,1.6299868851620976,-22.514338950517306,-10.628163733991046,-11.473371457524665,-9.694979606572865,0.6968273441414006,-10.531946979677786,-6.729436493176508,0.3064501341085428,12.287710971767337,-6.02829959689114,13.887453764427484,12.478431097938453,2.5808471793005983,7.389713877182965,3.3334250437181003,2.779766991164234,2.433878501734269,5.33406913108082,1.306295202503005,3.811497403311715,0.46870012735400485,2.613446854864841,0.012958226347731864,3.70179655539751,3.5726937579940743,0.1094188631989621,4.539985507107402,0.47187741166192765,2.95593460238221,0.46797149449469716,3.239168528754758,1.6312232047349267,0.8088825089018796,2.5005609847826125,-0.6042577442705591,Happy,52
59,-340.34324046554394,38.11809885891294,-69.15552963090673,48.855651705828706,-33.822423353079245,4.703250887878873,-25.310695505522677,-6.3052739390116495,-14.574576219079935,-10.660387685397817,-3.6419440477458513,-10.012823569608582,-2.754447651374444,7.371360148159901,21.589951968535306,-0.007912496454093356,21.464777671619558,5.8008114898058025,5.736649840340473,7.411306704774991,2.9282704090962364,7.85610040907448,-2.620429169211905,2.47498419843185,-6.182745157884561,2.9695550984431813,2.7071722405369747,2.6288909568121785,2.6982993451839454,1.3955361602399612,2.6460694676724166,3.690329320170279,5.503627870984557,-0.8075278070520565,1.9665561234538842,1.9794852064779118,3.559950475471122,-2.0101751636074225,0.6979251693786462,2.863592140489347,1.217208216925693,Happy,53
60,-348.24479512398767,54.12313485365414,-69.37264860139518,52.8631220893638,-31.23131590239094,3.5262805873474132,-30.32339681747408,-6.20974231349153,-11.150912306565377,-15.516301601498473,-6.295714915272765,-3.501475492875947,-1.9204858192790282,-0.43831738590939545,13.487990223024383,-6.670168796755223,18.093072081558862,11.036487005175154,11.365880551145946,11.543885668678936,4.154638691975759,-0.878907762053404,-6.490920679043303,6.13656287312881,1.501954390101244,5.514840622526812,-2.276642744349147,1.9664591053899514,0.9466351678453634,-0.6451132204764035,1.3368708525960906,-0.14684571218307724,1.8812335953399588,3.1647419252463806,6.260433494532205,0.9422130263407962,5.6233825323210525,0.5037841420713342,3.0725183821957813,1.653126534900293,0.6087143283092523,Happy,58
61,-250.59950338609198,68.25047553143075,-76.84991362261093,46.95750384894174,-41.1046633005716,7.789891123948778,-17.76040590373546,-4.110633699252608,-16.204725263560782,-10.022461506079622,-2.4564305181817128,-10.016469181286347,-2.8058861463976092,-5.140315973302008,10.848404215647436,-10.645866106921499,7.383363416395571,3.178912513473592,3.656073459988908,5.450964620039605,1.2379754129861842,3.663605098803768,-0.4656143418855183,7.639261739525614,-0.14088018561962393,7.418047734102927,1.9927949025680851,2.5464474984659744,1.697714596269482,0.4495195825250729,-0.25869883825615,-1.9817254553521584,3.73743045252096,-0.8344106423397071,2.6337949358473325,-1.4223725670967282,1.8846475581001063,0.06779109855075245,-0.7733814003664506,-0.5824154782837947,-1.8443949878919381,Happy,77
62,-306.3887683517995,57.60649291144934,-74.66074360324215,28.604190845397977,-34.92464450313231,3.575996993669945,-17.090836767416683,-7.9812785907909225,-16.31762295787823,-10.16703859262188,-2.958965990668981,-10.417888083503126,-7.697436887532352,-9.118428123701992,6.317117540095156,-11.736437160395988,7.693304625569247,9.257256034308407,5.756107822836872,9.028527743054632,2.2138694423180545,2.7748194203027094,2.8104409712987617,7.571534731505954,0.19233758914444227,3.4301466440563,1.7450256003476685,5.52996326338886,4.0959538674254565,2.320396141392602,1.3300742247288104,-0.27772986685374074,3.522172941501849,1.1563240659856444,3.816913114660921,-0.007889258658642047,2.1747501745765847,-1.2077962908375286,0.6067078719245417,2.7897032138416242,0.10778474009339725,Happy,84
63,-277.884113650226,67.00893901710275,-72.27871304244003,29.524870406909177,-37.297912051553936,6.901100278148172,-16.106109601916028,-8.839243780714385,-17.12176985057077,-12.101988171893183,-2.8541027917039257,-10.025227143593808,-5.646637361368823,-9.162720486955967,4.672186540034782,-16.733674458371397,-0.37740414333984995,4.164370393312403,2.876562369256828,8.538024461730448,0.6273333310734397,-0.17678619298266166,-0.26779028620938344,7.868488470184871,7.4319693576905195,11.563383961132311,6.136113299273424,5.204746999556096,3.450642370033042,5.573825869632089,3.65724111914039,-1.170566860185467,0.6212057526647422,-1.6951475779489262,4.981256500490775,0.7586021974129337,2.74682711634054,1.529519262723646,1.3592567991729447,2.5087007435285686,-1.178408804094417,Happy,79
64,-324.147265118045,61.45803316116207,-61.69690607984624,44.519020234355864,-23.95001550969059,-0.8759128181998164,-18.738283949555356,-2.522656102162044,-12.245764177991157,-12.444671844023908,-4.00252790481195,-8.591210629309897,-6.043682633628764,-8.581533954577127,2.766771083180098,-15.399459407490996,-1.0902575483636998,1.268447891684291,3.700149161310969,10.999174965457657,9.439968447241563,6.097170773509945,1.7960182161062799,6.510907804207612,2.473213472893006,6.9997105548668905,0.675580237268938,1.918946435192835,0.9884436324665831,3.0920548391978104,2.8702041297664476,-2.309940043050467,0.04060169040242358,-1.744300475994695,3.7874095841786417,-0.17955401497449192,1.4920189056034678,1.2295367904030803,3.076012619501115,5.296337315075226,0.8952529041233213,Happy,76
65,-291.9845713062199,47.107188728808616,-74.43925700068776,50.01140969524329,-29.090781338401097,-0.19161822654915725,-22.33885931603163,-2.6448933961720438,-12.43360838105656,-8.39556671051009,-7.899485735417775,-3.7588293066881318,-0.6474978611488,-1.284450777538025,19.106218446886686,-2.455178445467376,23.21896050726866,12.309360512104401,7.455843896459128,5.234854415749926,-4.358722425180679,0.3846875413261965,3.725255163390372,11.1738890599538,-2.329673540216088,4.741175770458284,0.21016484048099437,5.9908275007764855,2.092416699403014,-0.3012176375626279,5.123023827903161,4.656603646479198,8.539541467849999,0.17875376053466654,5.217116174662507,1.839129010674481,1.488202554233143,-0.3295838940762,2.6405723342899563,2.074142080018596,-3.697780869744915,Happy,56
