,0,1,2,3,4,5,6,7,8,9,10,11,12,13,14,15,16,17,18,19,20,21,22,23,24,25,26,27,28,29,30,31,32,33,34,35,36,37,38,39,40,labels
0,-289.8943355446172,119.07692571024374,-14.090395884132953,60.32570781835296,-7.233474726518878,22.891540739675044,-9.579870142267776,2.233470116021533,-5.932545952365924,2.870074123655321,-0.2104252153839993,-9.685129726692203,4.799200710714018,-5.631880312573143,11.287963810270544,-4.174688980344986,1.987391313593098,0.9015743084131081,3.1528231295145788,3.0463180039333144,-3.0608215132480217,6.91540768035473,-3.572968585948286,-0.5583153756469559,-2.1038334384726265,-0.5010320713325328,-1.265031441214914,-2.581964116688658,0.4729665679144371,-0.6176309339224314,-0.3735419569765769,0.3650705423161578,-0.17723906025946168,-1.6302261781945102,0.2824604433802559,-1.5088761557182244,-0.2864117154184328,-1.18614723218289,0.6320948872844713,-0.2583604828091963,-0.2803212098692854,Sad
1,-312.75439229345324,111.32009627272012,-2.1553172725838063,47.54014857592064,-12.20981955531202,25.587745545668763,-4.326367800833707,1.889624326937045,-5.197356877836535,5.467971470139665,4.923820853839872,-1.816654109445309,6.0612272492042285,-5.792638428326409,10.338464378673548,-1.9174897939076578,5.168673736253014,-0.1052474361533715,2.6215598889533904,1.673932544559109,-3.171197452856947,5.810454598589941,-7.054353483977778,0.9742252707351547,-0.7003259622848494,-2.294603916520717,-0.7410106355591539,-0.4051906083475223,-0.8004251959432614,-1.8155718377812744,0.765595646065774,-1.1414012970193708,-0.005686098858380063,-1.1523940659127683,0.20643142241781498,-0.9847672775612994,-0.2811423814066519,-1.080469528548552,-0.785726346854044,-0.9889458904422114,-1.3571720564485752,Sad
2,-339.337741166671,129.60349655438887,-1.1432081281733641,44.8980678102455,-10.704390354630112,16.663235025415403,2.1319987853979314,2.3761832543386583,-10.322028307494346,1.8933289343523916,6.759079044490148,-2.2915596779469647,2.1322063206694883,-5.056387685651771,10.208051330464164,-1.411523272098276,3.037209541399573,-1.6423703682532371,-1.374325605760777,2.7083452666218504,-3.903149210553468,3.834758998732306,-2.7657142491450917,-1.1845958641615792,0.2680477109451735,-2.315749481374035,-3.0605380400375912,0.572497153754554,-1.213198587748512,-1.9787336003680784,0.02253704549810209,-2.1803695845194926,-0.6171618340143671,-0.9447406873534745,0.30109621013013493,-1.0631882917311046,-1.2297076606783173,-2.223937113581189,-0.42650981350308803,-0.9281905993158298,-1.8689898011126285,Sad
3,-276.24661249398923,121.75815282740473,-0.9099150797053509,55.73147836635958,6.162650422153629,15.146518979281842,-2.5087151993233516,-7.451561354961926,-9.761399395740474,-1.123186863722199,-2.923170652995591,-4.304491915090824,1.9424599612847817,-3.7517455189829727,8.895315581497462,-1.48467907296583,2.2515719650417636,1.3051754977366465,1.5088954868630795,1.3125679978973408,-0.7888607455051041,4.221533264676661,-5.738636517488839,-2.209547028070387,-2.2945031372999365,-2.389942705958675,-2.9029623658748993,-1.6419893993988561,-1.152139428228616,-4.187367287670595,-0.043942794192025986,-1.560135948837117,-1.0944127552530831,-1.3617177356831185,-1.017451936084974,-0.5463693770851725,-2.5847355611706204,-1.9942216509887751,-1.4700900813471236,-1.7876630716061244,-1.675774478304497,Sad
4,-258.63349078501165,96.47122262742664,4.201463362252434,49.69299288763658,-1.68949625218319,27.23978579141094,-1.8438814970069446,13.020731631010586,3.2316326901856054,-4.89689697283347,7.846604388155237,0.9678680203948202,1.698392912277704,6.065398914859208,8.914085492596815,-6.73573770976864,4.857979229050698,0.9672801301072351,-1.8062871132718796,-1.3081542806125848,1.4503845481177398,2.157756422780608,-1.5705410168122698,4.52566328900351,0.811821224708351,1.2022097703495582,-2.195328674129294,3.1382245973253244,-0.42231696680239195,-0.5757901885874585,1.4233412096117077,-0.9282963410592323,1.1544043977365919,-1.478438508866469,0.6701737357427414,-1.607631378673527,1.5826295299234139,0.07762430602078896,2.025478555894359,2.502897283074573,2.753914612496291,Sad
5,-298.5375420988688,100.3692827116029,10.697531992996424,39.05735525041506,0.17405138237758144,26.866142847712673,-0.12362513577297145,8.748096967098318,3.853765319381685,-0.11406541843637964,8.260461557711956,-1.048239729061744,0.010258642071566406,4.994266626626785,8.810806126977852,-7.397597828376991,1.435668139354421,0.26278118833691516,-3.290841424253795,-0.5027215942162847,-0.15200734801017587,2.2630004563777293,0.2230487950713656,2.735978526139862,1.1293098631467096,1.5147823413996524,-1.3185711725469005,2.576421795522421,1.1262592894040866,0.2096158449233617,0.38803480363267717,-0.3191608278022117,2.126559399682636,-0.7009211978748593,1.228882889793777,-0.31002744989785636,1.903876407668646,1.0404728053825403,1.8502303390143486,3.109828073442399,2.5327771534720394,Sad
6,-257.09807784137803,112.38830182237524,7.670717339965123,50.464495076436954,-4.772329146611398,29.913938478037007,-7.008934808023266,8.42606748697484,-3.966280803579937,-2.5234721756515706,4.7492359061827125,-4.163940926374228,2.0687714873875405,4.414772549908798,11.831123173717257,-11.593525712952095,3.0140287596908792,-0.9362951780887393,-2.6744833346563697,-0.7915558731881476,-1.5707570921071279,4.738079437432543,-1.6846451412280887,4.276115239689567,0.8751966216529964,1.301510784195346,-2.0093979902489583,2.1499808123953943,0.07744923511397986,-1.250604545129869,0.48609753285628476,-1.7644545024347862,0.9105970952896548,-2.2723606152726217,0.17734541635698392,-1.9331392213869278,-0.3341540824438845,-1.6515809057837039,0.6959435362340151,0.9993818401091372,0.3504068727806642,Sad
7,-264.4080077123692,96.52007944753832,9.183748342046322,49.06231842641315,3.4580204282933056,32.86613346877838,-4.58725564555817,11.039344708086054,2.3397463808665613,-1.4969771795099385,5.492161655092331,-1.9415317676135162,1.3473406738763634,3.5307339065469074,8.629009025716911,-10.04030793463665,2.2556925848905256,-0.1268487398333583,-2.184829831992418,-0.9903948653408855,1.3885630685054176,2.946698037173477,-2.256791152491843,5.425079060086012,0.3390244197649548,-0.24928675978537437,-0.5901951944644279,2.617673120056204,0.6691944237712174,0.043723594407973326,0.3089925944127664,-0.3001183352339346,0.8609729820424779,0.02004204602606982,1.9890234576187489,-0.23743375676993173,3.154860721908338,2.066566852931217,3.6749833070932247,2.821952665301957,2.5066709326491794,Sad
8,-276.507152584956,91.30646077293507,15.760585205617039,43.253978327597494,3.6217855671160653,28.70657513963204,-2.6781192746820337,10.220742560925826,2.9004024825513044,-1.4255166912446129,3.8707079675507905,-1.1487193319305846,0.9830095387046681,4.75211666924687,10.001339903105386,-7.8342921764344595,2.574763438838695,-0.1171529508771893,-1.7642551295669504,-0.2467462554623714,1.3551215598901487,4.4776737667773165,0.8836396608553844,5.245956254574069,1.5426013693157135,1.9652980451162947,0.22561842597276288,3.189299039651511,1.0311774968897667,-0.20037095495824445,0.8441584275008511,0.5807832012161381,2.145592154539264,2.202030406321567,3.2842833878264224,1.0711516615471757,3.5149193732038317,1.7640108981472635,3.539273272919537,2.55821605798717,2.3604353379205145,Sad
9,-304.667028991908,96.25255860979138,9.968690672454299,41.58966678986018,-5.861746763854945,29.00188478870117,-1.0818204998960212,10.341048909232297,1.916046610081364,2.952516426507508,7.197753929045625,1.7741137479425888,5.394223176475986,4.602510789745294,10.418353578462243,-6.032511233474528,6.7826922577787885,1.3749827544893285,0.5037857112603337,1.1348685981892999,1.7105850212949607,5.218659692284001,-1.4359864939727964,4.868367520726561,0.7408665999114137,2.048332921621532,0.33874433856323544,2.766912932946855,1.7104412749654379,0.45993358770093457,1.1851027267798444,0.4662286352338788,1.8820151171587167,-0.24747338353423343,1.4638411135273046,-0.046625774680174085,2.2631383990200726,1.2439091455484546,3.6444785910603414,3.632073385832132,3.904453112104328,Sad
10,-305.7488108391492,106.33210387116225,9.280822630541037,39.96247148839917,-1.4708774153151507,29.967566395051566,-1.306863708347894,10.96692774163915,2.0344558031768987,0.48944781630476103,7.312518154049724,-1.682906445861088,3.3648378302903605,4.330244208923042,9.83965056658952,-7.787263394539206,3.0187704488621745,1.682627476438899,-1.260695681590447,0.5524568158541981,0.17630338345361918,5.320340017480335,0.1801152160647074,3.837915745759431,2.1364526689663874,0.6580422849002691,-1.4520654802361113,3.6919023338021195,1.0182479667941207,-0.6586499388737491,1.2789029511698782,-0.7808541593500862,1.5675479610062344,-0.5463775086084854,0.6911715703807509,-0.5745558234970064,1.1518121300246045,0.6876562253039981,1.6024964786996438,0.9480957597552903,0.6979262755812349,Sad
11,-313.5040316635737,93.93776652813706,13.613917972209613,41.58800864265843,7.865054518674269,25.191019797746808,-2.618243597357349,8.192088988827386,3.6089333643865005,-2.0946658681776684,5.790975459301686,0.3815035162720846,0.6934618461755246,8.224240286569525,9.46479231647573,-6.909099539209487,3.2624018895421556,-1.480242390407433,-1.721799885884276,-1.629284566363627,-2.045900861573204,3.8496915186489455,-0.6201799551913111,3.127679533199905,1.4977200020658796,0.019508193789704437,-1.6781243061283848,2.967646302975861,1.267205904329886,-0.19961996223287792,0.7121649235607314,-0.6062499926597993,1.4849297741168452,0.1455144840923119,1.745380923285375,0.2748603196569667,1.7294806465197254,1.6114809939200008,2.836683586387535,2.487328681274315,2.7219280171152254,Sad
12,-295.7856011211834,104.06918209747526,2.567783276854599,53.480119969206896,1.3475957866995936,27.76919477341709,-3.7144998042742094,13.46598238363194,0.8709736924986382,-3.5516148136991537,2.1060248848739405,-4.060624457608254,0.10057499850963882,2.790779369005148,10.134258043434432,-8.004122997676157,4.184589452182998,-1.7291190032523787,0.549178614021923,-2.0807022098634538,-2.5877969728333006,5.826535164115326,-2.3618164737140197,4.323727142344432,0.8395090699928716,1.0287262718600803,-1.7797906189023733,1.5260577133290278,-0.18207073243140515,-1.151232733022987,0.557361425882489,-1.4606506824374366,1.7314088351049008,-0.8872197320667607,0.2820623632427605,0.2375956517486823,2.0854492186157856,-0.6468801098603206,2.170457960747818,1.5769580300600934,1.8043802359787458,Sad
13,-226.0951307310172,118.29450890600766,-18.077367019796238,63.15918192412079,-10.363325363286815,25.130983034168906,-4.768894080847706,4.901376214292215,-4.752291292255181,7.030678907610817,3.7846513924950833,-7.8401846646222175,12.6329513283519,0.11250475048546378,5.722975165896601,-8.183872141266212,5.8853785935654965,-3.6026266755559733,-1.4056555925303162,4.801000682530785,-3.5232668810322454,6.51029807064687,-1.9879674300484773,4.693166478020566,-0.8188846947061906,1.529437351918481,2.545099970545826,-1.0359567902809212,2.920545705357303,0.17047137939136087,0.13542676041154852,0.3642848854199496,0.8926637867546813,-0.9978790635625817,1.5511047317541975,-0.7652522391073686,0.39668886959874633,0.3500165271523841,1.002495142782394,1.4778212153319288,0.4691700517206693,Sad
14,-192.0652553083813,108.78599392559438,-16.240422676840613,57.49901439118893,-1.9945195060265206,31.5004275883449,-5.0207468025897555,3.9592377896847877,-4.578382816510848,3.1989641366256047,1.685691953328865,-11.168322919916898,4.437073276822224,-0.019303762167941694,6.8857840008994184,-9.661725387554231,2.90300699825452,-4.751761564850531,-3.882680185426508,3.1538396743514334,-3.4700553041193967,5.140633622152464,-1.595502330300145,-0.42412949462711763,-1.9177601323631253,1.05959087211249,0.8314891690570495,-1.2269659286429417,1.1160307475187747,0.517444824658942,-2.825138400451986,0.8713342731471773,0.7461825101861526,-1.46086891221668,5.338806909571781,4.222895917212013,8.0344238167895,7.30477575948135,8.160416132220414,7.391675819690695,4.029642866089552,Sad
15,-188.09188589012706,125.3869633057637,-15.526698287408315,55.370754998589774,-9.238793810126825,30.673500807370246,-1.1681108069180601,0.6248664989339833,-5.553753592953963,3.5377481412860683,2.5327678503655924,-10.025725876529473,5.9371291232882495,1.0162772911786233,2.870403204290332,-9.063813052031023,2.228540549958171,-6.796879258581171,-1.1809512922563778,-1.1941887270147955,-4.67716581885438,2.5762434755549326,-6.5273282221353455,2.8259910342025907,-4.751392457242792,0.04964816291430449,0.9822003614459238,-2.8009508346559753,0.5531890835809294,-1.7176167491139593,-1.8431192481108318,-2.1805363625543794,-0.9154812546892271,-4.569048996472821,-2.756471942620037,-1.5850548628537988,1.0747273785654845,1.3642882051010838,4.384659751147215,6.066764008302442,7.102781075385493,Sad
16,-188.3239577990706,126.34338495281064,-25.109435901924986,53.16389039619977,-12.451776202574049,27.43285450789833,9.070774216166239,-6.3833872731112224,-4.715968640009687,6.933580620557939,-3.7516467930827204,-9.93000755315575,4.798664241318169,-4.738360847586807,0.9791193123921503,-6.291839420109207,-0.32349592817864703,-7.4536372633062005,0.0048615045008094425,0.6154777993256035,-5.073236874593088,3.8075757193660653,-4.645577843024448,-0.31372364111405143,-3.4652818274244566,-1.1439235466393913,0.48562891075695636,-1.90835523523664,1.2173832613045985,-1.1475327416449204,-2.430549948941989,-0.4024493833660201,-2.611328759363141,-2.8261411481957515,0.18200855605836536,-2.596945666559769,0.8222956973958738,-0.6425290804455774,0.5477945322957879,1.5724839657225678,1.7295404761332565,Sad
17,-187.44955841720554,131.1468673854696,-18.75413610091046,59.1721539745853,-10.377306522878827,38.60875670196289,6.440524007655181,12.407233498962501,-12.514827058659758,-2.116686501274061,0.4457342887720705,-1.768972988298602,2.0664863979511665,-5.648134696826382,19.21140692296533,-3.964312317900701,4.686944117609528,3.103568303438907,4.962254359171612,-3.357990999581786,-1.499770140302437,3.25817667418861,-5.097248823280707,3.2640719589792644,-5.213078330778815,0.6334256603707998,-4.267326900014681,-0.20381644211372002,-2.1394574050380006,-3.4208949781914737,-1.8785720512194881,-2.0782326587551423,-0.02792218345833845,-2.97128750422565,0.4895727052929856,-3.4505147363198407,1.285753819478394,-2.9852267746090377,-0.4034925474616516,-1.837117716769319,-2.4002651491388667,Sad
18,-243.30018311845654,133.1915862520018,-5.077501369183416,54.22443836924765,-0.7065344567149492,43.38800276848053,3.456898985083255,7.855191089270401,-14.456698832661068,-6.921716477534433,4.9674438939733045,-3.9286717002015754,-1.3867584851033175,-2.125579867547974,17.62703343730968,-3.231549890652148,2.335881650977448,0.6563935142046069,-0.7180038326974992,-1.7718813069706656,0.38700970123898837,-1.0698773450052146,-4.6484199153432275,2.287530764356976,-5.508403725221354,0.171581302706479,-5.133811814144304,-1.6401083261463443,-2.541630741747774,-3.0701314821609484,-1.4293469861342063,-3.0750338135964177,-1.266444917668768,-4.603469631747197,-0.7606289689942475,-2.5522571772285336,-1.1852182064368586,-2.628763119139873,-0.8373113955456687,-2.9335058942297234,-1.9899161201244164,Sad
19,-233.9261966360645,137.7771922596203,-5.780308277075225,47.16461239950105,-8.093066857430681,39.57097845109443,16.796626471560522,11.264165579325185,-13.31506936361229,-0.37428856627737656,3.937471680090129,-2.85906938144135,3.388584797696503,-3.3894039050799782,17.647744164760468,-3.9898846199097333,2.6726902139281155,3.281509060251113,-0.7688426501530314,-0.1697083346023457,-1.24867187453126,1.853232316273316,-4.888837403192009,0.5389280380042922,-2.2204208289666467,-0.33941463208674494,-3.8422223915238782,-0.015251633268625296,-1.505448270720108,-3.8775743938563316,-2.244762211040501,-1.8633333681155515,-0.08831545639800317,-3.213160343235868,-0.1357748573939867,-3.7415622238178137,-1.0211467152061142,-1.7877161263095203,-0.8950246260102291,-2.2870019137394655,-2.2280253958885647,Sad
20,-268.82000843593767,124.08000167278422,-14.312079260156214,59.1272176097787,-9.633456352780865,35.130191928561736,6.199875175422753,5.963791642682242,-3.7376573456178694,-4.862521739414031,2.05612635787815,5.1427306656274245,3.9994375427587303,-9.799547893943028,7.8315236689887975,-1.0415142527672454,6.392118748601254,-4.087546970756287,2.581419641944209,2.1683993743872376,-4.595998613156541,4.936537924978343,-6.8888520989606805,-0.8837594484887215,-2.3310816157405085,0.25373092049601337,-3.598602388488163,-3.7518888714926573,0.189237238387624,-4.904657118976179,-2.8086372147183862,-0.3809473768480179,-1.6234078856733798,-4.814111524881109,-0.16836351153331328,-2.2309996381271957,-2.064871502729785,-2.4734616691765514,-2.94967130378583,-0.9845611331269124,-2.759796217702594,Sad
21,-349.14800750707195,107.16755026819989,-2.1409814323510745,53.61400112570974,-2.212428098581747,24.821201363118327,6.286849998500228,7.231992253943707,-7.2812024022118855,1.4988940312800512,7.217376083551872,2.5610058725668803,4.481156659810745,-6.417320559225856,9.96927019393482,0.48069516610217444,4.175638958801118,-0.17922493958509844,4.104392405565707,2.2591995246710246,-3.1515103419489034,6.620712875889777,-3.989804762520189,0.5256679952562516,-0.3964958446818143,-0.8932789643715655,-0.022110656131049074,-0.32510007007002684,0.20870041462751188,-1.7337663270656876,-0.4875326697246189,-0.476172524131808,-0.887338820710128,-2.0607023184196573,0.0970735673859951,-1.6301477555770352,-0.2886552540986148,-0.42227465815708864,-0.6617319201412181,-0.6651184930116331,-1.4359070634359459,Sad
22,-244.73498227091196,116.13466113495552,1.2359577467267515,62.59558310851311,-5.4170436926661205,41.24061655652627,7.329080478494241,5.993312022139104,-5.931543588272419,-2.5131266063448647,5.721564239638968,4.853225772223933,-0.6170971577094365,-13.16376746363589,12.006083176215109,-2.899865581891068,3.7170417671023936,-2.944387379781932,-0.3976065898102266,0.9763826400906118,-5.1031465664371405,3.4143253594116785,-8.267965782230307,1.3869680089680643,-1.1122074466914598,-4.140449588488471,-3.9236317838218726,-3.0550676285090823,-0.9076066653429339,-4.520590371086909,-3.3263231015453787,-2.787320983777986,-3.8193461306730163,-4.310535748847394,-1.370915730830883,-4.481171027389044,-3.132392024631606,-3.313231149073346,-2.0598062525460237,-2.2748978674884976,-3.021806158281456,Sad
23,-280.3854791069861,131.85502404847162,-6.356195161711348,51.245002891059926,-13.69959624502476,28.655800516902765,6.871150546603175,-0.13749566021610513,-13.844212428603733,-0.5393814909717433,8.350953602700741,1.4749079738004365,1.9519576254841648,-9.104214404375682,8.883956895077526,-4.169575235134504,2.160440890400054,-0.7781086880986176,1.7442662611031226,-1.3027100104053926,-4.896973225118977,7.19119706421935,-7.198767823606174,-0.5645604377037489,-0.49413671015811234,-1.5932102998547442,-3.572915549262634,-1.6058118936998038,1.3903838653547445,-4.838456614816402,-0.9316788313918009,-2.2849934263926355,-1.884702205835257,-2.001123866042112,-1.8252313313877453,-1.71378758346336,-1.655797574778037,-2.793889622419811,-2.7369070683491756,-1.956430215314362,-2.8546315864205227,Sad
24,-322.82035614693234,128.13730021459335,-7.291972452527265,44.19659157010999,-5.5731621520294246,27.572775575437014,8.604370340433178,-1.9374632760250177,-6.843440816300429,4.148467671683216,7.245400634805519,0.5376109575058219,-0.4818377345085316,-5.187226171914224,10.406218520368519,-2.6745803978916913,1.6975347719660694,-0.7230054515676858,0.844685013084868,-0.17497656099674772,-2.073955677388229,6.08794869801788,-4.745302217302736,1.2433692507886556,-0.2255945296616593,-1.5888032314145304,-1.4522162932334783,-0.2768141197860343,0.6576798269678042,-2.991271679005685,0.035801697293610525,-0.3314088511462569,0.03037894718714397,-1.5121114673376599,-0.536757275763541,-1.221220514792514,-0.9195648400739975,-1.4816889334647634,-2.061994231212691,-1.5711853576577224,-2.093946591542539,Sad
25,-311.48129835624997,119.42054167006148,-6.444788759934516,47.71210640495109,3.3035443569782106,23.05749180542553,7.27233911924169,-0.5060619563790187,-5.555474512735474,0.7577467153927188,6.92718901739538,3.671914343966372,-2.114800253183181,-5.681548862447786,11.755969034242817,0.18734115390226042,1.2780201260875246,0.3564930389375594,3.330837267400204,1.2003215939129679,-2.04633380039139,5.980780046078951,-3.6061346033552457,-0.06869887938671142,-0.01014626026862819,-0.27444519753018126,-0.11578120716968768,-0.9015410362254926,0.9853791786405977,-1.0261722709139907,-0.19796064744918812,-0.6500728122775208,-0.9725656427130223,-1.0352010283110675,-0.34762901066755486,-1.5469767456192727,-0.8620711397315964,-1.7177474492808025,-1.6121244833728714,-1.3159946055337504,-2.17039171259195,Sad
26,-270.3099316500373,115.65482413121511,-8.338148533366123,57.66489089082424,-0.6048956088758202,29.406945589491816,6.938969392858839,7.200576574527737,-3.614445835803287,0.03157493983466481,6.229210484744333,4.500224553792945,2.2181084569731917,-8.02907470633748,10.557557286614255,-0.8660156142685319,4.2889428933658404,-1.0629827307319701,1.920001475933205,0.3187740882980562,-3.2229700878173313,6.569773455624911,-5.037195553703464,0.4696606377571032,-1.7682183317154319,-0.29265797964144113,-2.2951944384914276,-1.8967121700064389,1.6323926017106984,-4.049820016306337,-0.22111180689191903,-0.8666627782494642,-1.2520421158649364,-1.0578303214624607,-1.3399572123643542,-1.871261399022846,-0.46912918096460404,-1.357706961098732,-0.9563927715157939,-0.9333067087390551,-2.461455582175697,Sad
27,-277.7005332699297,130.2698152742647,-15.07290816672528,58.59022899442242,-14.148927952247327,16.068170400660573,-6.357010885276808,7.6021327450675455,-12.780267160733324,3.474134329068932,7.891970501023138,-4.867134944616884,3.6235346398435855,-8.165077497769335,12.98236886133484,-5.195854234015019,2.2709879081614495,0.4749232541077378,0.3337399312428153,1.6938988196891442,-2.5385848337801575,4.071219396756696,-6.017888055419961,1.041045110137712,-2.523115786264246,-2.5761065092291626,-2.9816586461044063,1.138088768162102,-0.339404448909162,-2.4916287516054276,1.4388195908801373,-1.6960690492817827,0.16291535048979702,-1.6701201343685055,0.3191478290587934,-2.1666078621985863,-0.35627506816092464,-0.5836458365178768,-0.9665349211751063,-0.5190596932966023,-1.104391223063564,Sad
28,-251.91460015461777,126.67410251089537,-12.449791113871491,67.24549629808006,-12.443354702280748,14.993866292129484,-11.74108997350017,5.7925861590555625,-6.635774928122778,5.472512186178807,6.6152968718632295,-2.134678232407619,4.257236591053108,-5.8546747239069905,14.833582919518848,-6.443366318923005,4.210253050099436,2.3648400906488005,2.38053634633442,0.9832166593066111,-3.170890412680717,6.094290350107059,-4.712977065194052,1.5746620667728854,-2.6960278419828727,-1.832033378975565,-3.2194525605017588,1.0186916893822058,0.7667892004045684,-2.152020758351906,1.7890366296490856,0.5915729515366236,1.7481373914080442,-0.9886964761917667,1.573939299879197,-1.769167677329489,0.9865180307330994,0.42793234589131574,-0.1213018430325127,0.4154994283335795,-0.5423505590144297,Sad
29,-288.0879298182232,144.0452715401759,-5.925345862611295,50.03343077632221,-19.7469349672691,16.705718226572106,-0.4961116836773079,6.7011020218650135,-9.776158044980631,4.8153105968642835,11.396286684268546,1.6813034929251085,5.710649622250721,-7.871076712609839,11.133353315011954,-5.611650378971241,4.2566023084243,1.0350395937467614,-3.6001725831047935,0.9532717540272887,-2.53043559038714,4.266105302030347,-4.824271089268886,1.995033349354152,-1.6370204100807373,-2.3830181800818044,-2.0283205527596384,0.8906260016916823,0.42376593630180465,-3.008682601536759,1.6543569268088896,-0.3863910358853509,0.42018111184258977,-0.941037311145637,1.4936930781093647,-1.9475824939587016,-0.6891367534492251,0.1067913911804223,-0.5376524498029285,0.7851299170613395,-0.9087797014521335,Sad
30,-276.7540327728177,132.8900709738283,-11.950502515754195,63.68571495859962,-8.75089007334826,12.26535992494265,-5.670673837261548,3.116008677730349,-8.099131414608054,5.14345100686238,3.7204208996725066,1.6924503914407487,5.126644987961538,-9.03926741489274,15.027311062464882,-6.8181865716439605,1.8310001431114242,0.6209336455017457,-1.2767335120592072,2.448772890959836,-3.453637641166749,6.78943966914656,-3.623274701677789,-1.7443160498134564,-2.320228558530194,-2.771061815917684,-4.073021636705674,0.7863137886674066,0.24224634229615435,-2.311562415526728,0.5007636110379754,-0.9670696931349669,0.9698544376692848,-1.4652266841026194,0.7156798928796932,-2.1580970304809104,0.7473584481079446,-1.1609247781416738,-1.549647183771613,0.4553563494633006,-2.164234843019687,Sad
31,-209.45679479132482,124.81979755457434,-26.95621118166434,61.56641651593881,-5.914122711738233,40.581677634497765,-13.937940850468813,9.789015273968323,-8.133175855442547,-2.1632560803263456,10.5162956765293,3.3005678807449326,3.1666413907290947,-1.798522418961448,17.362861603527136,-10.762964482371435,5.178146194982329,0.7817591879663204,2.876470843534391,3.0290856375476616,0.8598670364222196,3.449561370061317,-3.6016991381051744,3.005212349546277,-3.73504403603433,2.161195100578461,-2.63531254410204,3.5842481027008755,0.14680343981841432,0.4138453293724179,0.22863937318625713,-0.04578919557054886,3.811184374628163,-0.8446959652485794,6.7470410241732,0.2361648483408378,4.093726708120996,2.437470824303513,3.103027352525591,3.490352095381532,2.044498073602448,Sad
32,-234.34002637090245,113.1671196267424,-13.29356265629611,56.918640914768766,-8.614007305754969,31.801416569325497,-2.8132203731348198,7.812900255337134,-3.071118354149783,-1.414441220867261,10.692151062507904,1.1789021604632626,-1.212251406263705,4.323085872150624,16.452294028483443,-8.014711876784357,5.476781632712874,-2.7061920703390827,-2.8344077299367614,3.880264504118361,0.4081085261612332,-1.1556032903764868,-2.659081748282518,3.297997371827075,-4.260667845693891,0.477703585145268,-4.086802403798038,0.9535595676371418,0.43060768218439166,2.0558311025418434,1.7974916314151816,-0.9724607814271724,4.721220783039962,1.5712942201866242,6.0669029597905455,1.2128197459300956,7.224544780740975,5.992617438907398,3.0472900537920857,7.143969062460459,4.164255294311579,Sad
33,-224.98178183260873,115.66652478269316,-22.338312021747978,62.06946411613121,-12.217369529526552,33.84504413213898,-4.2024655013492165,8.74547296017158,-8.15912754168704,1.2265125408601536,8.756615265655041,3.3153511627233425,5.107139000059499,2.272865253824735,17.302641933882374,-7.76596265179554,7.740218231674369,-2.1552403222016125,1.6626968697524864,4.171445319935103,2.0631713562060763,2.375026577214044,-2.5872674085159018,4.858293102428519,-4.841084792854845,3.384670636629652,-3.7988315874507848,1.5434800406351927,2.44136340048265,2.6562755146827857,1.8131383230100762,-0.29692203387716426,5.28707889602386,-0.36051997352348497,5.679443026819514,1.0702881623407412,5.495733113784008,4.427406923062092,2.5219201285011392,3.8742263927263725,2.924522559862051,Sad
34,-191.83389089350734,104.61599765488795,-8.547473371989902,62.028151621957925,-0.3788322455703877,32.0695153295371,-7.094676979805872,12.064777456733783,-10.041886393316954,-1.5883619729871483,6.764072079372084,-3.152838648119781,-0.9037318894289876,-1.1797558145925338,13.590401991502542,-12.034427238381072,5.397561057192745,-2.378878543102452,-2.172839832874899,2.099172886588338,0.024525190931165883,1.1308127573242235,-2.8801742075024497,4.359551613077402,-5.7172329588730815,-0.13607490672258402,-4.169786100778106,-1.2514003264179492,-0.8839783514692627,2.7940819468848934,0.4397882450415851,-1.3274853719500286,4.20343600564774,-0.336500736408657,7.16302703388301,1.1778101927736986,6.326664120698471,4.9933987515865335,3.2876682991095243,6.201286546568221,3.756199571386713,Sad
35,-225.88674048599586,119.56946722164713,-4.543244601198273,47.98482996714219,-2.324354792659113,31.447293195525102,1.1799209574491858,3.0229112663435465,-1.8203408003335984,-5.198846210730024,9.466457801522687,3.531647105898555,-3.6171451689662173,1.5132469449989492,11.653267191470079,-7.407634997157337,2.4915432586611073,-0.5727294334309605,-0.982644207737724,3.665235910546022,-0.6582313581353313,-0.41803977599295966,-1.2680206497488202,0.517400934502506,-3.0783818765966457,0.3709507357648046,-4.0761762276382685,0.11369058478286889,-0.04878756327285226,1.3905506978862219,1.2977801887168363,-0.20628148729301626,5.093745593461568,0.6239203658874451,3.1687443674222835,-0.7782647596869863,1.759269599692062,0.22886698860396545,-1.9419479263010624,2.3079357980841126,0.06375280823437414,Sad
36,-223.3625246960089,112.21277666640944,-12.398830928480278,60.150004792951385,-15.46069428539591,39.91313745155047,-13.899857307350892,6.851840720294335,-11.865241070979128,-5.308245413749281,6.830084766321718,-3.477789137745487,9.480746815708196,-4.578679272413074,17.22070110759851,-5.548260837683524,-0.8596405151372182,3.1653465570752366,-2.59639114598982,-3.3847413078534787,0.4033717621204147,0.3672328227344583,-5.696356777946773,5.743461875119825,-5.021386763152743,-0.5633444229303777,-2.0832305203510457,-1.599343019832772,-0.5966199435713236,-2.1329349142919853,2.3524729592528195,-1.6274783319263146,-0.21045279035331094,-0.11053137070379247,0.12160655606767133,-0.1496182110452091,-0.5033319291679202,-0.9051786787781734,0.46048527579766235,-2.3712762924835937,1.0137736308604177,Sad
37,-244.00679928985127,127.07968500035355,-16.25705880774787,54.80043802219979,-13.844612081673866,36.676393695645736,-4.708425716100192,3.1534886555919566,-3.7088316652081033,-5.060255124348221,11.824835482752597,-5.440539866017512,3.051864525009304,1.4219669680075555,14.853424896541362,-1.8573209545880125,-3.6510383748973916,-0.2662472404168113,-7.845396836705842,-4.843224553857113,0.4384324406643921,-2.276125961543739,-5.184521443149619,3.308849884873489,-4.894022417832709,-2.5415263180931675,0.4352894405199766,-2.1504084246967134,-0.7732728398084417,-0.03177956081196135,1.1411287849741822,1.0256343999652238,-0.6498840345479501,2.0101873952734457,1.9486347793045298,-0.4580499109174929,4.011118621127298,1.2119269388701484,2.492864141252261,2.01277376364412,3.7187782191351673,Sad
38,-326.67504580932723,121.9110738828937,-2.7059948363149067,48.12937000163164,-3.777180932370353,29.662328362008044,3.971862588245044,4.921843502208508,1.6107061455623328,-0.7405078170180532,9.42323236593036,-1.3665743370520298,6.052443632223868,4.734966942863294,13.643816468815313,3.248735577193632,1.0601228950766994,1.7434769003888402,-4.255689490179676,-2.5159921449867038,-1.2347813014764133,-1.33749352178345,-3.3925420862804807,1.5059434868030175,-2.1955694578145417,-1.1471888267737327,0.09300449856287293,-2.174493945924843,-0.4117280327691957,0.5934860299565075,0.876338962487316,-0.12838441142371462,-1.0541610345320753,0.9858299765296242,1.314645942927935,0.09316834526588799,2.7277829955221753,0.30368458128426595,2.4164075920943775,2.1830742013054922,1.186165212741865,Sad
39,-235.56340301874707,120.71744582643619,-10.188204770286564,66.65807476419566,-20.143513750446342,35.33826482918101,-8.046912151544639,6.264200610372329,-11.60384293429602,-5.0442607165208715,3.297326897234667,-7.991671767197426,7.235149838625254,-1.888004462571591,16.723096107851468,-3.9503640481970628,-0.8819856695552343,1.3014296020346097,-1.3469076837671774,-6.500250414881209,-0.5441101884075165,-0.2261475037323255,-7.694132870080154,8.007000324002483,-4.340772280439993,-1.3641224803688834,0.16445613463866526,-1.8331699519269629,-1.6170800957505662,-0.9944426937086013,0.5459887370088043,-1.1895851823012953,-0.6509930477477613,-0.6168242507539338,0.6507448570828327,-0.7692038865664801,1.566208000716754,-0.7220368525679675,3.141442227465901,-0.84950340100322,2.2866712092144135,Sad
40,-285.83514596076446,105.20451085630702,-6.993902242388316,58.99632645861142,-13.000308007286334,31.227413831916454,-5.395171241936391,6.917292825429404,-7.907527498306213,-1.6309398442836829,4.777588159404624,-5.827823290130445,6.393492417818889,-0.8007457173284469,14.626564168995893,-1.8720479219212631,1.109249076836897,1.0853845646271834,-0.1640399151828263,-3.41801387298273,0.2164176454934406,0.909128099802329,-5.587061589616959,6.374066732733468,-2.5647427304981543,0.4843616775622303,0.6293237912309291,-0.7951739357100596,-0.41729150029779083,-0.0347343909477749,1.6095467567528678,0.1698701520327469,0.8874774748215991,1.015398525444698,1.9138775296488229,-0.48900341451802487,1.4396312371885047,-0.14094951753964283,1.7767269931347096,-0.37864850646828185,2.1981608405651016,Sad
41,-268.8825611789273,92.11247418621832,1.0004302234215867,53.611881920348985,-2.7616885852769326,28.794076232128056,-5.042980954444476,2.544350305810056,-8.037494813754641,-0.4865356673652367,3.2476601917893895,-8.748708101631815,6.250572036370168,3.3842634067726896,14.624814973251851,-2.3415020751654545,-0.22429177949475942,-1.1985043158997744,-3.102859704631978,1.39761154907356,0.023437137147784646,-0.3755036167335255,-3.080927075903243,4.505075257809711,-2.2064746986279156,0.4135155728181448,0.7179475592128767,-0.04550280037509435,0.5714508241895232,-0.619789882922397,2.8968949536975686,0.9009278371352705,0.10801586532572961,0.7555611601484163,2.212810146618307,1.2294073147881976,3.7225853129739352,2.196400147934013,2.561321404756843,4.083694155290333,2.0102252967539944,Sad
42,-288.9427383432742,101.91323145409675,-0.3074093995069243,48.0109309187795,-8.052552756247499,33.88385984654142,0.25859590428554424,9.242791372702673,-2.2979877720004636,0.29578683579767523,7.783862928203883,-4.817068916408794,5.667984892125357,3.068873345278946,16.297546082439307,-0.1550241339500985,1.4670986812280538,0.8720506073378279,-1.224629763146872,0.5419327999676421,-0.8806058681058331,0.401687053849278,-1.4261374128273883,4.940812571095395,-3.7272183673736223,1.4083548829591244,0.9640241070385778,-1.2610671074714637,1.160496189894402,0.9867541424972271,2.390159578944148,-1.041670629616816,1.3061446764268188,0.7050799420992427,0.8517141333196084,-0.4016710674693164,-0.40163032671111165,-0.12206614349322176,-0.33468950407284453,-1.1526145307656375,1.0580448189423928,Sad
43,-253.8905719954503,115.91764668011227,-7.018274476869603,49.113935103718774,-13.278635340656393,33.10622843676225,-4.2399337676822615,3.9292654922424544,-8.115415154451018,-3.733952603900589,8.757764173681403,-4.715422352584165,5.66554149964656,1.7056809124775631,14.569648399496621,-6.303276840861906,-2.649623047697307,-3.426235995162277,-7.193368815860006,0.8387324104137175,-1.2842237032444404,-1.1218721309872095,-3.2159632738649706,3.773652188531257,-7.403907541530211,-0.5645266912545297,1.8854468933537591,-3.062838928318527,2.3542862208155246,-0.3543155080395569,2.284624154595926,-0.6524483878149674,-0.4876381018784009,1.740839925284722,-1.3723327650035235,-0.7126623312241536,1.408383584042573,1.07538924511874,2.202202463066315,2.0408347804167284,3.211892606502016,Sad
44,-245.0591997466513,117.79922608109086,-18.05892561108677,56.9764962956293,-9.150993011137437,34.230311247269654,-7.251405108462442,2.479880791906841,-6.290048853280863,-6.2812034334262,4.6001320347779915,-3.9430573430566356,5.735318072699159,-0.5260556923555437,17.45041788256208,0.05693480811340422,-0.10609842234872942,-2.5336355597228826,-5.830015083149226,-1.709792649885095,-1.8221289221688945,-2.020825992260381,-7.004219074602014,4.217447838837273,-3.212422162868546,-0.24244167827406163,1.1035601551207959,-1.236400099329888,1.23038764018744,-0.6700975667492184,1.9756023363965032,0.9916462910555881,0.863006767985761,0.7996455472814346,2.5373731272844844,1.3458291363707362,2.1835978786201875,2.8410527307548006,4.050758297152589,3.978946272739888,3.156591612342705,Sad
45,-262.6721489791893,122.85813130299667,-2.9842293491177956,61.28854205999871,-1.9632883901443237,27.645956782323175,-9.595182112276703,6.128577538518142,-8.207253098880873,-7.889284400234755,0.676620552518564,-5.940461484807425,5.218866881982686,-2.785353594774861,17.451209581030085,-1.6522628452358292,-3.3327649602974585,-0.8116159396325474,-4.428270202023419,-4.009412312333696,-0.8637708059761298,-1.5819332016621617,-7.341507369872187,6.18205809024019,-3.8307866293615604,-0.4470487597005287,-0.49839154390521306,-1.8732805132992412,0.13757681514674328,-2.4034690272801886,3.3411960024624014,-2.3251048189857695,-0.6358998143633029,-0.6013996331462729,-0.3239349108926509,-0.592217752812186,-2.769024327462403,0.02286785722499921,-0.6725508078749061,-2.2810592974133432,0.7988944248297944,Sad
46,-216.90996367294142,116.50941649021041,-14.67682791553488,72.7360734016331,-2.6562623816595887,36.47489321725173,-4.280849667983227,9.42027346977216,-9.639532738774648,-3.5513409433877308,3.5618443490758103,-1.0020528382091949,2.996503507767374,-8.87822625193791,15.046939815783844,-6.288452005228245,1.360825480520187,-3.839418713157483,1.6483838366172676,0.6395919207104845,-7.927611114918594,5.039862495820807,-2.7399154055756036,0.8515608695241974,-4.140630219791133,2.8592712812340175,-1.0867005025635055,-4.409461756903542,1.5445656757203714,-1.3625119697244383,-3.4699971196585517,-0.7301199101220495,-0.2731887423560608,-3.700834719300741,-0.32475753984079964,-1.2927156727604168,0.8225111547543575,-3.0527408504872677,-0.31426374766073245,-1.453564133206002,-3.9137592108043138,Sad
47,-210.55053471174455,117.66739657693486,-12.232856128652678,63.414210909001405,-8.386565019819638,32.246187680462086,3.9323656751754705,10.206798851771453,-3.5537988931098417,-3.5270317476439432,0.794320933276841,0.8417883715714848,2.159409196905766,-6.644527802148154,14.005086147365422,-7.298061405202062,4.104414567281397,-3.3913851983842305,1.1368764673943037,3.4320073504608124,-9.800205312002081,4.40063894652105,-4.973165619034863,-1.4973948446722705,-2.3313048570384294,1.449685084237044,-2.531033604139626,-3.7593812936097093,1.9256783219616476,-3.6707927278123624,-1.4480858371928127,-1.542937167004351,-1.8233292643596943,-1.9436901546910927,-0.6004927302772679,-2.081628167324424,0.12863060592306746,-1.9351232642339202,-2.1041131203059273,-1.3182405606049623,-2.621912037371337,Sad
48,-270.6213125565731,111.3421921451521,-2.0396343412111264,57.167820382918364,-3.2648167531090824,31.403247464625473,12.203802262231632,13.843683488969386,-0.7548835365032273,-0.49547193613713775,6.800162053146474,2.4218280051500356,4.581116197829613,-2.2909105819063944,12.403443298934542,-3.7457951793207354,2.853531212498109,0.12061398636908226,3.5224157323086196,5.0782122443183235,-7.133672688366891,4.727537364290255,-2.6962663175040964,-1.1887255202089415,1.0753903397685631,0.7676285517485589,-0.7703498017580417,-2.77809431692318,0.8939384869957633,-0.9152686605664976,-1.323055541037923,0.13617481921332975,-1.0310494311312828,-1.1936927007643194,0.985151167651247,-1.2650633109192024,0.5759706914281297,-0.5013653498808268,-0.7318276523129525,-1.1771179273940027,-1.4352733780802371,Sad
49,-266.1781919048064,117.16836112962069,-16.889219820904152,66.90820762596748,6.233389802350993,29.004354812224104,5.457507704594009,9.220557194747963,-5.537901442233752,-7.141075095224033,0.5832112909180304,2.210285973463286,1.8905068524520254,-6.570890529744941,12.106651693869846,-3.7519193815222307,2.1625619657390636,-2.924571617496357,1.295263854870339,2.9205692474158766,-8.201339256188412,3.1915600323587654,-2.9157792543617336,-1.416915918877771,-0.9830868261351587,0.4297451730587081,-1.3852069476590976,-1.7054922832825083,0.3838838186171611,-2.323788845520909,-2.859672994851655,-2.9333171876654696,-1.4013169489066608,-1.4893299349111446,-0.9326810508297262,-1.0269352238439795,0.3271570978218321,-2.2123844859894577,-1.159070935589887,-2.293682415020922,-2.164344277513132,Sad
50,-278.94923695701317,80.88696205356582,-26.239284552974464,51.755894756493085,-6.149072426432494,28.086271938690455,-1.1264161716717995,-3.12119225264496,-3.641821033978727,3.988801437776264,8.582810307751929,-0.6460349536194063,-3.2462250385258957,-1.8245679253866565,8.897576819580987,-9.449908042434803,-1.9439974417758652,-0.1886854622280391,1.7585757267182034,-5.696108403601261,-1.167914691588446,0.402412778935769,-8.020200802921716,3.5611344484154626,-3.143018196673132,0.976066321954752,-0.97306840489597,-0.46728585737896583,2.203926419487261,1.4927241015343773,4.984545532375421,5.703800157229663,5.396577078355216,6.6242761543794675,10.333440424885849,4.81297140491173,6.0652637926757755,4.299175190717809,4.279382889425143,3.2064923335422004,2.228606021778651,Sad
51,-209.17438340907063,81.19098249391064,-33.20038156224018,56.79091058521916,-10.952132765921862,26.388326179319865,-13.429587670199675,-1.5452413919851642,-4.676043818387298,0.3830353264760018,5.723395810626766,-0.5239090412352674,-2.648626911732103,-4.849028113462045,11.036241679252626,-15.342068270756899,-3.839740939473973,-0.7274825543314094,0.8309663025819591,-6.7047484246046345,-4.291001246850813,0.24021623479310664,-9.97152463248239,2.6829196914510494,-5.420434074315458,-0.7748130729091574,-0.6102363914846834,-2.1881311911768875,-0.7501060638445204,1.1262900047137776,2.621646701269942,1.7258589930327188,4.790862015515429,4.43789876322574,10.330665631242727,9.6404496930106,11.348497349253387,8.326045406801553,5.447909621850016,3.3485201262494706,2.4068529439409976,Sad
52,-249.4440599475397,85.07824638333338,-27.36397224404887,48.678124173498006,-3.146606806713523,26.477648424052138,-0.7426161784960653,-1.4058064826815453,-1.4717607240228336,-0.34137625914076003,4.8974444452140755,-3.095833736195091,-5.160351569024195,-0.49958771995520884,6.837223446159996,-11.352768011953117,-2.459740738224062,-1.1528468728742536,0.08978640940072188,-6.513999649007449,-2.580652508103457,0.05466617283523244,-8.846969979594894,0.884234194466181,-5.880832187991978,-1.0365708992575338,-0.8511157506166512,-2.4266399228440525,1.1911593565460963,1.6763874857943013,2.646699919438107,5.574317071022807,9.068523825941485,9.268298647505997,12.443528922480377,7.692764866053113,8.13435681215263,5.368376912114628,5.209093775707334,4.384943958300529,1.7423107714872303,Sad
53,-262.6045517354771,73.90253481744826,-9.812948299914597,48.90150816408107,-0.7345716363559609,24.459514332408588,0.4389978747188669,2.138082997998081,-1.8772573428841153,4.725524406853654,5.181910096587239,-0.41356192557958443,0.727764904126074,0.49463299944636807,9.29906936328015,-9.09485298666298,0.16500039469438854,0.040189523109827145,1.998786384316364,-3.5275332063689993,-3.667423132842204,0.6674096729489734,-7.543213277849134,2.033806784114577,-4.495821607296546,-1.4211789666395738,-0.9753686109501188,-2.115659727511477,1.3616482135145778,0.42500298741945647,2.4054457937501903,1.861649093805697,1.7676808648697764,2.381889594019176,4.506697515865491,4.957796363054336,8.172448358322582,6.551626713705604,7.918270477007166,5.7141507222993315,3.152058311098492,Sad
54,-272.8932018546048,73.71856820568358,-19.872999037247656,56.122037751973274,-7.343055728235657,30.944045604258548,-5.71993087351401,3.2652612478846375,-0.5414799178481023,7.0345756042407155,8.690826235059793,-4.1414882624490605,1.1266958174766661,0.2682883619165606,11.820998511121278,-9.558850925574564,-0.5845675571092749,-0.35015763670721445,1.353870296914599,-1.5070182917993467,-2.857915290227758,0.359874034954161,-4.758602496900329,2.79818871713949,-5.091394266780598,1.6210106351988163,-0.31836901145859675,-1.5984731274754118,1.2959559120272888,0.7608769487018849,1.7216860049569442,1.1672594806593863,1.9958299053820578,1.8763842519717147,4.531056544734562,3.000791875225468,8.428896816905699,5.2267055680834105,6.89304341089188,7.079392423755958,2.6997112253302618,Sad
55,-272.20364810973064,68.34758334471508,-13.041736993396674,54.09456767044327,1.4923084806596023,24.57676125954548,-0.5608236876380945,-1.5404159455227808,-1.4462205461604978,4.811412191533886,1.3704557089033365,-2.95056718445069,0.07701995379149948,-1.3541133541667738,11.290982374874071,-10.398676935403579,-0.2844551799570657,2.3847184265064767,-2.7741346997364555,-3.3892409197704794,-3.417550486632298,1.5694341496994884,-6.313076314909475,-1.023803585336876,-3.6056298130269115,-1.5832555445136887,-2.1887619491131307,-2.1574008892409227,2.272893979335861,0.6687128866948167,3.0616760425155087,3.0820648756490043,4.296504265678382,6.8868863069306565,6.688442125221634,7.218826707786358,9.325375898440981,6.705664037823075,5.623422440328344,2.8051792839009173,2.2019870403455637,Sad
56,-259.675377359143,89.92252569957137,-15.752564885096998,51.50501571483337,-6.958496172419008,27.887528036014675,-1.3683749207153013,-1.1944309652137823,-6.1303371926312735,0.18667146649992108,6.799193159223185,-7.498932018596459,-2.4834477778118837,-2.4828993491976763,8.209725215313464,-8.938374763713789,-8.306621328522006,-1.0643521696277842,-3.487950239354999,-7.608450522024224,-2.0850014912183643,-3.8144433046552857,-5.990020968098444,0.5541780148173048,-5.722601599374743,0.001910836774579001,-3.713959186472562,-2.687057978081422,-1.4949119617865974,-1.3738456728567565,-0.18204593074897876,-0.9686769689749056,1.543593471790155,0.14843218503198918,4.013375366492674,2.871457910040516,5.626724030302743,4.690556414747241,4.62514451392185,6.254440761086277,5.525032099633237,Sad
57,-239.15251379635419,87.94225996103064,-23.34895542991678,57.19830989588087,-5.401433164925486,21.53457137479681,-7.905438412263703,-2.940329427477126,-3.6308793921521745,-1.3977367059539525,2.16815560829144,-3.325594132824265,-5.463047766103166,-2.9398593601791903,9.391506279973504,-13.914244419460584,-5.162902116465067,-1.7700799409102472,-3.485488778189919,-7.1262824038006265,-1.4142338146436693,-3.2344073259330806,-8.779145113224013,2.6414216135861857,-5.552996443185902,2.1989870902962174,-0.11671893650320371,-0.18571478146896103,4.9620206265024205,4.070718024639465,7.592171136162418,6.936476156548132,7.579138559053146,8.980284308203517,9.90613629056712,6.859843178970021,6.913699037919791,4.079636412669029,3.3329790842703058,1.801831504033082,2.738617254052451,Sad
58,-279.14945617082014,83.70832873304633,-18.094373616384328,61.01616061040709,-1.235036676413276,20.458905780344512,-3.5217720996077007,4.526446453114411,-0.9257595612263674,-2.9644662323202535,4.892079765306288,-3.2597438918451225,-0.7165455067265294,-0.8142045042432366,9.609245704708222,-7.67337150140974,-6.711366635501015,-2.118584710062607,-2.597240503383485,-6.909826624277302,-1.5071420435804415,-2.974521817084366,-7.905738285942218,2.53728397137161,-6.1003232053755605,-1.2154203170502926,-2.8892117021158845,-3.531619852362554,-0.06281632517535712,-0.4373777877271278,1.2958642660920061,-1.6224588903172246,-0.6109824977416971,-0.8583709072224148,2.757460766917137,1.9776573133912123,4.501119998270777,5.155954406918735,4.881403084502582,6.270866509900991,5.578584440336212,Sad
